observer;recording_file;bird_id;tree;nest;entry;at_nest;in_nest;building;note;date;time_start
simeon;;un;1;A;;1;;;;26_10_20;14_11
simeon;;K26;1;A;1;;1;1;;26_10_20;14_11
simeon;;un;1;A;1;1;;1;;26_10_20;14_11
simeon;;N09;2;A;7;1;;;;26_10_20;14_20
simeon;;missing_right_eye;2;A;;1;1;;;26_10_20;14_20
simeon;;N_;2;A;9;;1;1;;26_10_20;14_20
simeon;;un;3;A;2;1;;1;;26_10_20;14_29
simeon;;E36;4;A;3;;1;;pretty sure about entry, but didn't write it down;26_10_20;14_35
simeon;;un;4;A;;;1;;;26_10_20;14_35
simeon;;T36;5;A;;1;;;vocalising, gets answer;26_10_20;14_41
simeon;;;6;A;;;;;;26_10_20;15_45
simeon;;;7;A;;;;;;26_10_20;15_51
simeon;;;8;A;;;;;;26_10_20;15_57
simeon;;;9;A;;;;;;26_10_20;16_03
simeon;;un;10;A;1;1;;;;26_10_20;16_07
simeon;;K41;10;A;5;1;;;low screech;26_10_20;16_07
simeon;;H51;24;D;1;1;;;;26_10_20;16_19
simeon;;un;24;F;1;1;;;;26_10_20;16_19
simeon;;;25;;;;;;;26_10_20;16_24
simeon;2020_10_27_081400;K33;25;C;1;;1;1;;;
simeon;2020_10_27_081400;J02;25;C;1;;1;1;;;
simeon;2020_10_27_085652;un;28;C;1;;1;;;;
simeon;2020_10_27_085652;stump;28;C;2;;1;;;;
simeon;2020_10_27_085652;I73;28;C;2;;1;;;;
simeon;2020_10_27_091634;I04;29;B;1;;;1;;;
simeon;2020_10_27_091634;un;29;B;1;;;1;;;
simeon;2020_10_27_091634;L80;29;A;1;;1;;;;
simeon;2020_10_27_095836;I65;32;A;1_2;;1;1;;;
simeon;2020_10_27_095836;E45;32;A;3;;1;1;;;
simeon;2020_10_27_095836;E45;32;A;1_2;;1;1;;;
simeon;2020_10_27_122942;R87;20;A;1;1;1;1;;;
simeon;2020_10_27_132148;T51;32;D;1;1;;;;;
simeon;2020_10_27_132148;E45;32;A;1_2;;1;;;;
simeon;2020_10_27_132148;u.I49;32;A;1_2;;1;;;;
simeon;2020_10_27_133646;T-76;26;A;1;1;;;;;
simeon;2020_10_27_133646;un;26;A;1;;1;;;;
simeon;2020_10_27_135234;I82;25;C;1;1;;;;;
simeon;2020_10_27_135234;K33;25;C;1;1;;;;;
simeon;2020_10_27_135234;T73;25;E;1;;1;;;;
simeon;2020_10_27_141106;L14;24;A;1;;1;;;;
simeon;2020_10_27_141106;P96;24;E;1;1;1;1;;;
simeon;2020_10_27_141106;L22;24;F;1;1;;;;;
simeon;2020_10_27_141106;H51;24;D;1;;1;1;;;
simeon;2020_10_27_141106;S17;24;E;1;1;;;;;
simeon;2020_10_29_081600;I02;25;C;1;1;1;1;;;
simeon;2020_10_29_083302;un;37;A;2;;1;;;;
simeon;2020_10_29_091754;T71;9;A;2;1;;;;;
simeon;2020_10_29_091754;R18;9;A;2;;1;;;;
simeon;2020_10_29_093914;J89;2;A;8;1;;;;;
simeon;2020_10_29_093914;un;2;A;8;1;;;;;
simeon;2020_10_29_095712;R87;20;A;1;;1;;;;
simeon;2020_10_29_095712;un;20;A;1;1;;1;;;
simeon;2020_10_29_100648;K70;15;A;1;;1;1;;;
simeon;2020_10_29_100648;U20;15;A;1;1;1;1;;;
simeon;2020_10_29_104946;R83;41;A;2;1;1;1;;;
simeon;2020_10_29_104946;S34;41;A;2;1;1;1;;;
simeon;2020_10_29_142556;I04;29;B;1;1;;1;;;
simeon;2020_10_29_154648;un;1;A;1;;1;;;;
simeon;2020_10_29_155446;K41;10;A;1;1;;;;;
simeon;2020_10_29_170216;E45;32;A;;1;;;;;
simeon;2020_10_29_171214;K52;33;A;1;1;1;;;;
simeon;2020_11_02_081248;T24;12;A;;1;;1;;;
simeon;2020_11_02_094256;E59;24;C;1;;1;;;;
simeon;2020_11_02_094256;G32;24;C;2;;1;;;;
simeon;2020_11_02_132350;J46;7;A;;1;;;;;
simeon;2020_11_02_133434;E36;4;A;2;1;;1;;;
simeon;2020_11_02_144820;S32;28;E;;1;;;;;
simeon;2020_11_02_153828;K52;33;A;1;;1;1;;;
simeon;2020_11_02_162934;T90;5;A;;;;;;;
simeon;2020_11_02_162934;T63;5;A;;1;;1;;;
simeon;2020_11_03_083050;L22;24;F;1;1;;1;;;
simeon;2020_11_03_083050;un;24;F;1;;1;1;;;
simeon;2020_11_03_091056;J46;7;A;1;;1;;;;
simeon;2020_11_03_091056;J13;7;A;1;1;1;;;;
simeon;2020_11_03_092342;T63;5;A;6;;1;1;;;
simeon;2020_11_03_092342;T90;5;A;6;1;;1;;;
simeon;2020_11_03_092342;un;5;A;6;;1;1;;;
simeon;2020_11_03_092342;un;5;A;6;;1;;;;
simeon;2020_11_04_095844;R16/8;9;A;2;;1;;;;
simeon;2020_11_04_095844;T71;9;A;2;;1;;;;
simeon;2020_11_04_101610;un + un;4;A;2;;1;;;;
simeon;2020_11_04_102510;N09;2;A;5;;1;;;;
simeon;2020_11_04_102730;un + un;22;A;1;;1;;;;
simeon;2020_11_04_103222;T40;21;A;1;1;;;;;
simeon;2020_11_04_103222;JX4;21;A;1;1;;;;;
simeon;2020_11_04_103854;D86;13;A;;1;;;;;
simeon;2020_11_04_103854;N22;13;A;3;1;;1;;;
simeon;2020_11_04_171044;J21;37;B;1;1;;;;;
simeon;2020_11_04_171044;D39;37;B;1;;1;;;;
simeon;2020_11_04_171044;D39;37;A;3;;1;;;;
simeon;2020_11_04_171044;T44;35;B;;1;;;;;
simeon;2020_11_04_171044;un;35;B;;1;;1;;;
simeon;2020_11_04_172610;P76;28;H;2;1;;;;;
simeon;2020_11_04_172610;un;28;H;2;1;;;;;
simeon;2020_11_04_172610;P76;28;E;2;;1;;;;
simeon;2020_11_04_172610;S22;28;E;2;;1;;;;
simeon;2020_11_07_140600;K41;10;A;3;1;;1;;;
simeon;2020_11_07_160708;R20;13;A;1;1;;;;;
simeon;2020_11_07_160708;S07;13;A;1;1;;;;;
simeon;2020_11_07_170308;E23;37;A;3;;1;;;;
simeon;2020_11_11_073314;T93;1;A;2;;1;;;;
simeon;2020_11_11_073314;S53;1;A;2;;1;;;;
simeon;2020_11_11_073314;un;1;A;1;;1;;;;
simeon;2020_11_11_085250;E59;24;C;2;;1;;;;
simeon;2020_11_11_085250;un;24;F;1;;1;;;;
simeon;2020_11_11_085250;S57;24;E;;1;;;;;
simeon;2020_11_11_085250;K76;25;B;2;;1;;;;
simeon;2020_11_11_094702;I73;28;C;3;1;1;1;;;
simeon;2020_11_11_094702;stump;28;C;3;;1;;;;
simeon;2020_11_11_094702;un;28;B;;;1;;;;
simeon;2020_11_11_125340;I87;24;B;1;1;;;;;
simeon;2020_11_11_125340;K76;25;;;1;;1;;;
simeon;2020_11_11_125340;J02;25;C;;1;;1;;;
simeon;2020_11_11_125340;HX3;25;A;;1;;;;;
simeon;2020_11_11_125340;stump;25;A;;1;;;;;
simeon;2020_11_11_125340;I94;25;A;;1;;;;;
simeon;2020_11_11_125340;J03;25;A;;1;;;;;
simeon;2020_11_11_125340;K33;25;C;;;1;;;;
simeon;2020_11_11_132802;J89;2;A;3;;1;;;;
simeon;2020_11_11_132802;un;2;A;3;;1;1;;;
simeon;2020_11_11_132802;un;2;A;8;;1;;;;
simeon;2020_11_11_132802;stump;2;A;8;;1;;;;
simeon;2020_11_11_140634;D39;37;A;3;;1;;;;
simeon;2020_11_12_081236;K76;25;B;2;;1;1;;;
simeon;2020_11_12_081236;un;25;B;;1;;;;;
simeon;2020_11_12_081236;K33;25;C;1;;1;1;;;
simeon;2020_11_12_081236;J02;25;C;1;;1;1;;;
simeon;2020_11_12_082732;M68;2;A;;1;;;;;
simeon;2020_11_12_084620;U20;15;A;1;1;;;;;
simeon;2020_11_12_084620;K70;15;A;1;1;;;;;
simeon;2020_11_12_085110;M23;13;A;;1;;;;;
simeon;2020_11_12_085110;D86;13;A;;1;;;;;
simeon;2020_11_12_093124;T44;35;B;;1;;;;;
simeon;2020_11_12_093124;un;35;B;;1;1;1;;;
simeon;2020_11_12_103202;T07;26;;;;;;;;
simeon;2020_11_12_133920;S24;30;B;;1;;1;;;
simeon;2020_11_12_133920;un;30;B;;1;;1;;;
simeon;2020_11_12_134904;H86;36;D;;1;;;;;
simeon;2020_11_12_165942;K96;55;A;1;;1;;;;
simeon;2020_11_12_165942;un;55;A;1;;1;;;;
simeon;2020_11_17_082744;I00;27;A;1;1;;;;;
simeon;2020_11_17_090258;N23;13;A;3;;1;;;;
simeon;2020_11_17_090258;D86;13;A;3;;1;;;;
simeon;2020_11_17_091520;K70;15;A;1;1;;;;;
simeon;2020_11_17_091520;U20;15;;;1;;;;;
simeon;2020_11_17_091520;T97;14;A;;1;;;;;
simeon;2020_11_17_100404;E41;37;;;1;;;;;
simeon;2020_11_17_100404;D39;37;A;1;;1;;;;
simeon;2020_11_17_105736;P51;32;D;;1;;1;;;
simeon;2020_11_17_105736;HXX;32;A;3;1;;;;;
simeon;2020_11_17_111344;E87;38;A;1;;1;;;;
simeon;2020_11_17_111344;E89;38;A;1;;;;;;
simeon;2020_11_17_111344;S30;38;;;1;;;;;
simeon;2020_11_17_111344;S24;38;;;1;;;;;
simeon;2020_11_17_140236;H40;31;A;1;1;;;;;
simeon;2020_11_17_140236;stump;31;A;1;;1;;;;
simeon;2020_11_17_140236;X;31;B;1;;1;;;;
simeon;2020_11_18_074408;U20;15;;;1;;;;;
simeon;2020_11_18_074408;K70;15;;;1;;;;;
simeon;2020_11_18_074408;T97;15;;;1;;;;;
simeon;2020_11_18_075144;un;14;A;1;;1;;;;
simeon;2020_11_18_075144;K80;14;;;1;;;;;
simeon;2020_11_18_075144;T97;14;;;1;;;;;
simeon;2020_11_18_075144;U20;14;;;1;;;;;
simeon;2020_11_18_075546;S11;41;;;1;;;;;
simeon;2020_11_18_075546;T99;41;;;1;;;;;
simeon;2020_11_18_085756;S17;24;E;;1;;;;;
simeon;2020_11_18_085756;J72;25;C;;1;;;;;
simeon;2020_11_18_085756;K76;25;C;2;;1;;;;
simeon;2020_11_18_085756;P69;24;E;;1;;;;;
simeon;2020_11_18_085756;S57;24;E;;1;;;;;
simeon;2020_11_18_085756;un;24;F;;1;;;;;
simeon;2020_11_18_143358;S09;25;A;2;1;;;;;
simeon;2020_11_18_143358;J03;25;A;2;;1;1;;;
simeon;2020_11_18_143358;K76;25;B;1;1;1;;;;
simeon;2020_11_18_143358;un;25;B;;1;;;;;
simeon;2020_11_18_143358;un;25;B;2;;1;;;;
simeon;2020_11_18_143358;J02;25;C;1;1;;;;;
simeon;2020_11_18_143358;K33;25;C;1;;1;;;;
simeon;2020_11_18_154718;J46;7;;;;;;;;
simeon;2020_11_18_155520;R20;13;;;1;;;;;
simeon;2020_10_27_150438;I85;32;A;;;;;;;
simeon;2020_10_27_150438;PX1;32;D;2;1;;;;;
simeon;2020_10_27_150438;un;32;D;2;1;;;;;
simeon;2020_10_27_172642;S37;24;B;1;;1;;;;
simeon;2020_10_27_172642;un;24;B;1;;1;;;;
simeon;2020_10_27_174950;C54;29;A;1;;1;;;;
simeon;2020_10_27_174950;L80;29;A;1;;1;;;;
simeon;2020_10_27_174950;un + un;29;B;1;;1;;;;
simeon;2020_10_27_175526;X76;29;E;1;;1;;;;
simeon;2020_10_27_175526;X;29;E;1;;1;;;;
simeon;2020_10_28_090816;I73;28;C;1;;1;;;;
simeon;2020_10_28_090816;un + un;28;C;3;;1;;;;
simeon;2020_10_28_090816;un;28;B;1;;1;;;;
simeon;2020_10_28_090816;I73;28;C;1;;1;;;;
simeon;2020_10_28_090816;stump;28;C;;1;;1;;;
simeon;2020_10_28_091842;C54;29;A;1;;1;;;;
simeon;2020_10_28_091842;I04;29;B;1;;1;;;;
simeon;2020_10_28_091842;un;29;B;1;;1;;;;
simeon;2020_10_28_094604;X39;37;B;1;1;;;;;
simeon;2020_10_28_103910;T71;9;A;2;;1;;;;
simeon;2020_10_28_103910;RX8;9;A;1;;1;;;;
simeon;2020_10_28_162216;S17;24;E;1;1;;;;;
simeon;2020_10_28_162216;P69;24;E;1;1;;;;;
simeon;2020_10_28_162216;L22;24;F;;1;;;;;
simeon;2020_10_28_162216;un;24;F;;1;;;;;
simeon;2020_10_28_162216;N74;24;A;1;;1;1;;;
simeon;2020_10_28_162216;G32;24;C;;1;;1;;;
simeon;2020_10_28_162216;E59;24;C;1;1;;1;;;
simeon;2020_10_30_084352;N77;24;C;;1;;;;;
simeon;2020_10_30_084352;N74;24;C;;1;;;;;
simeon;2020_10_30_084352;L22;24;F;1;1;;1;;;
simeon;2020_10_30_084352;un;24;F;1;1;;;;;
simeon;2020_10_30_085800;J02;25;C;;1;;;;;
simeon;2020_10_30_085800;K33;25;C;;1;;;;;
simeon;2020_10_30_093208;K41;10;A;3;1;;;;;
simeon;2020_10_30_094456;T90;5;;;1;;;;;
simeon;2020_10_30_094456;T63;5;;;1;;;;;
simeon;2020_10_30_102824;R87;20;A;1;;;;;;
simeon;2020_10_30_104032;T81;19;A;1;;1;1;;;
simeon;2020_10_30_104032;un;19;A;1;;1;1;;;
simeon;2020_10_30_142210;R20;13;A;1;1;;;;;
simeon;2020_10_30_145442;E88;38;;;1;;1;;;
simeon;2020_10_30_153916;I87;24;B;;1;;;;;
simeon;2020_10_30_153916;H51;24;D;;1;;;;;
simeon;2020_10_30_153916;P69;24;E;1;1;;1;;;
simeon;2020_10_30_154824;I94;25;A;;1;;;;;
simeon;2020_10_30_154824;G73;25;E;1;1;1;1;;;
simeon;2020_10_31_085442;N77;24;A;1;1;;;;;
simeon;2020_10_31_085442;un;24;F;1;;1;1;;;
simeon;2020_10_31_085442;L22;24;F;1;1;1;1;;;
simeon;2020_10_31_085442;un;24;D;;1;;;;;
simeon;2020_10_31_085442;G32;24;C;1;;1;1;;;
simeon;2020_10_31_093204;C54;29;A;;;1;;;;
simeon;2020_10_31_093204;L80;29;A;;;1;;;;
simeon;2020_10_31_103912;H38;32;B;;;1;1;;;
simeon;2020_10_31_111032;I49;11;A;2;1;;;;;
simeon;2020_10_31_111032;I49;11;A;1;;1;;;;
simeon;2020_10_31_111032;un;11;A;1;;1;;;;
simeon;2020_10_31_131744;D39;37;A;2;1;;;;;
simeon;2020_10_31_131744;E23;37;A;2;1;;;;;
simeon;2020_10_31_133626;R8/63;41;A;2;;1;;;;
simeon;2020_10_31_133626;S34;41;A;2;;1;;;;
simeon;2020_10_31_134216;R20;13;A;;1;;;;;
simeon;2020_10_31_134216;X;13;A;1;;1;;;;
simeon;2020_10_31_134616;K70;15;A;1;1;;;;;
simeon;2020_10_31_134616;U20;15;A;1;;1;;;;
simeon;2020_10_31_140402;R18;9;A;2;1;;;;;
simeon;2020_10_31_140402;J71;9;A;2;;1;;;;
simeon;2020_10_31_142718;I87;24;B;;1;1;;;;
simeon;2020_10_31_142718;P69;24;E;;1;;;;;
simeon;2020_10_31_142718;L22;24;F;;1;;;;;
simeon;2020_10_31_143100;J02;25;C;1;;1;;;;
simeon;2020_10_31_145936;L80;29;A;1;;;;;;
simeon;2020_10_31_145936;C54;29;A;1;;;;;;
simeon;2020_10_31_151206;H40;31;A;1;;1;;;;
simeon;2020_10_31_163758;K33;25;C;1;;1;;;;
simeon;2020_10_31_163758;J02;25;C;1;1;;;;;
simeon;2020_11_01_082558;T96;13;A;2;1;;1;;;
simeon;2020_11_01_082558;R20;13;A;;1;;;;;
simeon;2020_11_01_082558;T96;13;A;1;1;;1;;;
simeon;2020_11_01_091708;I06;32;C;1;1;1;1;;;
simeon;2020_11_01_091708;I65;32;A;;1;;;;;
simeon;2020_11_01_091708;P51;32;D;;1;;;;;
simeon;2020_11_01_095144;K48;30;A;;1;;;;;
simeon;2020_11_01_115946;S34;41;A;;1;;;;;
simeon;2020_11_01_152156;H51;24;B;;1;;;;;
simeon;2020_11_01_152156;P69;24;E;1;1;;;;;
simeon;2020_11_01_152156;E59;24;C;1;;1;1;;;
simeon;2020_11_01_152156;L22;24;F;1;1;;1;;;
simeon;2020_11_01_152156;un;24;F;1;1;;1;;;
simeon;2020_11_01_152156;G32;24;C;1;1;;1;;;
simeon;2020_11_01_153926;L61;45;F;;1;;;;;
simeon;2020_11_01_153926;I28;45;F;;;;;;;
simeon;2020_11_01_153926;K48;45;;;1;;;;;
simeon;2020_11_01_170724;T21;36;D;;1;1;;;;
simeon;2020_11_03_100716;T81;19;A;1;1;1;1;;;
simeon;2020_11_03_110600;T44;35;B;;1;;;;;
simeon;2020_11_03_110600;un;35;B;;;1;;;;
simeon;2020_11_03_110600;D39;37;A;2;1;;;;;
simeon;2020_11_03_110600;E23;37;A;;1;;;;;
simeon;2020_11_03_111740;K48;30;A;1;1;;1;;;
simeon;2020_11_03_111740;S48;30;A;1;1;;;;;
simeon;2020_11_03_142030;E59;24;C;1;1;1;1;;;
simeon;2020_11_03_142030;G32;24;C;1;1;1;1;;;
simeon;2020_11_03_142030;P69;24;E;1;;1;;;;
simeon;2020_11_03_153204;J43;18;A;4;1;;;;;
simeon;2020_11_03_153406;R87;20;A;1;;1;;;;
simeon;2020_11_03_153406;un;20;A;1;;1;;;;
simeon;2020_11_05_085856;T90;5;A;6;1;1;1;;;
simeon;2020_11_05_085856;T63;5;A;6;;1;1;;;
simeon;2020_11_05_085856;un;5;A;5;;1;1;;;
simeon;2020_11_05_090802;J13;7;A;1;1;1;;;;
simeon;2020_11_05_090802;J46;7;A;1;1;1;;;;
simeon;2020_11_05_150758;P58;29;C;1;1;;;;;
simeon;2020_11_05_150758;L80;29;A;1;1;;;;;
simeon;2020_11_05_150758;C54;29;A;1;1;;;;;
simeon;2020_11_05_164116;H40;31;A;1;;1;1;;;
simeon;2020_11_05_164116;un;31;A;1;;1;;;;
simeon;2020_11_05_165428;J43;18;A;1;1;1;;;;
simeon;2020_11_05_165428;UK;18;A;1;;1;;;;
simeon;2020_11_06_104016;R18;9;A;;1;;;;;
simeon;2020_11_06_104016;T71;9;A;2;;1;;;;
simeon;2020_11_06_111906;K49;71;A;1;1;1;;;;
simeon;2020_11_06_111906;un;71;A;1;1;;;;;
simeon;2020_11_06_154514;P69;24;E;1;1;;;;;
simeon;2020_11_06_154514;un;24;F;;1;;1;;;
simeon;2020_11_06_154514;G32;24;C;;1;;;;;
simeon;2020_11_06_163130;E36;4;A;2;1;1;;;;
simeon;2020_11_06_163130;un;4;A;2;;1;;;;
simeon;2020_11_08_081618;J71;28;F;1;1;;;;;
simeon;2020_11_08_091206;un;25;B;2;;1;;;;
simeon;2020_11_08_091206;N74;24;A;1;1;;;;;
simeon;2020_11_08_091206;un;24;A;1;1;;;;;
simeon;2020_11_08_091206;S57;24;E;;1;;;;;
simeon;2020_11_08_091206;S17;24;E;;1;;1;;;
simeon;2020_11_08_091206;P69;24;E;;;1;1;;;
simeon;2020_11_08_092226;D86;14;A;;1;;;;;
simeon;2020_11_08_093734;un;21;A;1;;1;1;;;
simeon;2020_11_08_093734;J14;21;A;1;;1;1;;;
simeon;2020_11_08_095720;T81;19;A;;1;;;;;
simeon;2020_11_08_095720;un;19;A;;1;;;;;
simeon;2020_11_08_095720;un;19;A;;1;;;;;
simeon;2020_11_08_095720;J43;19;A;;1;;;;;
simeon;2020_11_08_101518;S07;13;A;1;;1;;;;
simeon;2020_11_08_101518;un;13;A;1;1;;;;;
simeon;2020_11_08_101518;T96;13;A;2;;1;1;;;
simeon;2020_11_08_101518;D86;13;A;3;;1;1;;;
simeon;2020_11_08_101518;R20;13;A;2;1;;1;;;
simeon;2020_11_08_103624;T07;20;A;;1;;;;;
simeon;2020_11_08_103624;un;20;A;;;1;;;;
simeon;2020_11_08_105656;P75;33;B;;1;;;;;
simeon;2020_11_08_105656;K52;33;A;1;;1;1;;;
simeon;2020_11_08_142038;S49;30;A;1;;1;1;;;
simeon;2020_11_08_144324;T88;66;A;1;;1;;;;
simeon;2020_11_08_150616;S29;69;A;;1;;1;;;
simeon;2020_11_08_150616;un + un + un;69;A;;1;;;;;
simeon;2020_11_08_151802;S21;75;A;1;1;;;;;
simeon;2020_11_08_151802;S43;75;A;1;1;;;;;
simeon;2020_11_08_151802;un + un;75;A;1;;1;;;;
simeon;2020_11_09_083040;E59;24;C;;1;;;;;
simeon;2020_11_09_083040;L22;24;E;;1;;;;;
simeon;2020_11_09_090450;E45;32;A;1;1;;;;;
simeon;2020_11_09_090450;I65;32;A;1;;1;;;;
simeon;2020_11_09_093558;K80;14;A;1;1;1;;;;
simeon;2020_11_09_093558;un;14;A;1;1;1;;;;
simeon;2020_11_09_094938;J13;7;A;4;1;;;;;
simeon;2020_11_09_094938;J46;7;A;1;;1;1;;;
simeon;2020_11_09_100648;T71;10;A;3;;1;;;;
simeon;2020_11_09_100648;R18;10;A;;1;;1;;;
simeon;2020_11_09_100648;R18;9;A;1;1;;1;;;
simeon;2020_11_09_100648;T71;9;A;2;;1;1;;;
simeon;2020_11_09_105614;J71;28;F;;1;;;;;
simeon;2020_11_09_105614;P76;28;E;;1;;;;;
simeon;2020_11_09_105614;un;28;F;;1;;;;;
simeon;2020_11_09_153110;un;24;D;;;;;;;
simeon;2020_11_10_082408;L35;14;A;2;;1;1;;;
simeon;2020_11_10_082408;K80;14;A;1;;1;;;;
simeon;2020_11_10_083144;R20;13;A;1;1;1;1;;;
simeon;2020_11_10_083144;S07;13;A;1;1;;1;;;
simeon;2020_11_10_083144;N23;13;A;3;;1;;;;
simeon;2020_11_10_083144;D86;13;A;3;;1;;;;
simeon;2020_11_10_084250;un + X;32;A;1;;1;;;;
simeon;2020_11_10_084828;P75;33;A;1;1;;;;;
simeon;2020_11_10_084828;E88/6;33;C;;1;;;;;
simeon;2020_11_10_091342;J03;25;A;1;1;;1;;;
simeon;2020_11_10_091342;I94;25;A;1;1;;;;;
simeon;2020_11_10_091342;K76;25;B;;1;;;;;
simeon;2020_11_10_091342;S17;24;E;;1;;;;;
simeon;2020_11_10_091342;S57;24;E;;1;;;;;
simeon;2020_11_10_093200;S10;40;;;1;;;;;
simeon;2020_11_10_093200;S00;40;;;1;;;;;
simeon;2020_11_10_093200;918;40;;;1;;;;;
simeon;2020_11_10_094732;un;37;A;4;;1;;;;
simeon;2020_11_10_094732;E23;37;B;1;1;;;;;
simeon;2020_11_10_094732;E23;37;A;;1;;;;;
simeon;2020_11_10_094732;J78;37;A;2;;1;;;;
simeon;2020_11_10_094732;T44;35;B;;1;;;;;
simeon;2020_11_10_094732;J21;37;B;1;;1;1;;;
simeon;2020_11_10_094732;un;37;B;1;;1;;;;
simeon;2020_11_10_095912;stump;28;C;2;;1;;;;
simeon;2020_11_10_095912;I73;28;C;2;;1;;;;
simeon;2020_11_10_104906;un;10;A;3;;1;;;;
simeon;2020_11_10_104906;K41;10;A;3;1;;1;;;
simeon;2020_11_10_104906;K41;10;A;1;;1;;;;
simeon;2020_11_10_104906;un;10;A;2;;1;;;;
simeon;2020_11_10_105852;T71;9;A;2;1;;1;;;
simeon;2020_11_10_105852;R18;9;A;2;;1;;;;
simeon;2020_11_10_110726;J46;7;A;1;1;;;;;
simeon;2020_11_10_110726;J13;7;A;1;;1;;;;
simeon;2020_11_10_152434;S15;55;A;1;1;;;;;
simeon;2020_11_10_152434;un;55;A;1;;1;;;;
simeon;2020_11_10_163426;P69;24;E;1;1;1;1;;;
simeon;2020_11_10_163426;S17;24;E;1;1;;1;;;
simeon;2020_11_10_163426;S57;24;E;1;;1;1;;;
simeon;2020_11_13_083108;J78;37;A;;1;;;;;
simeon;2020_11_13_083108;D39;37;;;1;;;;;
simeon;2020_11_13_090038;T71;9;A;2;1;;;;;
simeon;2020_11_13_090038;R18;9;A;2;;1;;;;
simeon;2020_11_13_090752;J89;2;A;3;;1;;;;
simeon;2020_11_13_090752;un;2;A;3;1;;;;;
simeon;2020_11_13_090752;stump;2;A;5;;1;;;;
simeon;2020_11_13_090752;un;2;A;5;1;;;;;
simeon;2020_11_13_091226;R87;20;A;1;;1;;;;
simeon;2020_11_13_091226;un;20;A;1;;1;;;;
simeon;2020_11_13_091734;T81;19;A;;1;;;;;
simeon;2020_11_13_091734;un;19;A;;1;;;;;
simeon;2020_11_13_092506;E01;14;A;4;1;1;;;;
simeon;2020_11_13_092506;un;14;A;4;;1;;;;
simeon;2020_11_13_092506;K80;14;A;;1;;1;;;
simeon;2020_11_13_094340;L14;24;A;1;;1;;;;
simeon;2020_11_13_094340;P69;24;E;1;;1;1;;;
simeon;2020_11_13_094340;K33;25;C;1;;1;1;;;
simeon;2020_11_13_094340;I84;25;A;2;;1;1;;;
simeon;2020_11_13_095652;C54;29;A;1;;1;;;;
simeon;2020_11_13_103802;EX8 + UK + UK;38;A;;;1;;;;
simeon;2020_11_13_104912;S49;30;A;1;1;1;;;;
simeon;2020_11_13_104912;R83;30;A;1;1;1;;;;
simeon;2020_11_13_145000;un;29;D;1;;1;1;;;
simeon;2020_11_13_145000;un;28;F;1;;1;;;;
simeon;2020_11_13_145000;JXX;28;F;1;1;;;;;
simeon;2020_11_13_145000;S32;28;E;;1;;;;;
simeon;2020_11_13_145000;P76;28;E;;1;;1;;;
simeon;2020_11_14_084436;I94;25;A;;1;;;;;
simeon;2020_11_14_084436;J03;25;A;;1;;;;;
simeon;2020_11_14_084436;K76;25;B;2;1;1;1;;;
simeon;2020_11_14_084436;G32;24;E;;1;;;;;
simeon;2020_11_14_084436;un;24;F;;1;;;;;
simeon;2020_11_14_084436;E59;24;C;;1;;;;;
simeon;2020_11_14_084436;K33;25;C;1;;1;;;;
simeon;2020_11_14_084436;P69;24;E;1;1;1;;;;
simeon;2020_11_14_084436;S17;24;E;1;1;1;;;;
simeon;2020_11_14_084436;S57;24;E;1;1;1;;;;
simeon;2020_11_14_090752;un;36;D;;1;;;;;
simeon;2020_11_14_090752;S47;36;D;;1;;;;;
simeon;2020_11_14_090752;S28;36;D;;1;;;;;
simeon;2020_11_14_093926;T90;4;A;4;;1;;;;
simeon;2020_11_14_093926;T63;4;A;4;;1;;;;
simeon;2020_11_14_093926;un + un + un;4;A;4;1;;;;;
simeon;2020_11_14_094232;R18;9;A;;1;;;;;
simeon;2020_11_14_141832;C54;29;A;;1;1;1;;;
simeon;2020_11_14_141832;L80;29;A;;1;;1;;;
simeon;2020_11_14_141832;stump;29;F;;1;;1;;;
simeon;2020_11_14_141832;un;29;F;;1;;;;;
simeon;2020_11_14_145916;N23;41;A;;1;;;;;
simeon;2020_11_15_080230;un;14;A;3;;1;;;;
simeon;2020_11_15_081540;I49;11;A;1;1;1;;;;
simeon;2020_11_15_085406;T21;36;D;;1;;;;;
simeon;2020_11_15_085406;H86;36;D;;1;;;;;
simeon;2020_11_15_092230;I73;28;C;;1;;;;;
simeon;2020_11_15_092230;stump;28;C;;1;;;;;
simeon;2020_11_15_092230;P76;28;E;1;1;;;;;
simeon;2020_11_15_092230;S32;28;E;1;1;;;;;
simeon;2020_11_15_100522;P69;24;E;1;1;1;1;;;
simeon;2020_11_15_100522;S57;24;E;1;1;1;;;;
simeon;2020_11_15_100522;un;24;F;1;;1;1;;;
simeon;2020_11_15_100522;L22;24;F;1;1;;;;;
simeon;2020_11_15_100522;E59;24;C;1;;1;;;;
simeon;2020_11_15_135252;S49;30;A;1;1;1;1;;;
simeon;2020_11_15_135252;K48;30;A;1;;1;1;;;
simeon;2020_11_16_092842;J03;25;A;2;1;1;1;;;
simeon;2020_11_16_092842;I94;25;A;;1;;;;;
simeon;2020_11_16_093752;I87;24;B;1;1;;;;;
simeon;2020_11_16_093752;un;24;B;1;;1;;;;
simeon;2020_11_16_093752;P69;24;E;;1;;1;;;
simeon;2020_11_16_093752;G32;24;C;1;1;;;;;
simeon;2020_11_16_093752;E59;24;C;1;1;;;;;
simeon;2020_11_16_093752;L14;24;A;;1;;;;;
simeon;2020_11_16_093752;G74;24;G;1;1;;;;;
simeon;2020_11_16_113710;T71;9;A;2;1;;;;;
simeon;2020_11_16_113710;R18;9;A;2;;1;;;;
simeon;2020_11_16_121650;K70;15;A;1;1;1;1;;;
simeon;2020_11_16_121650;U20;15;A;1;1;1;;;;
simeon;2020_11_19_082704;E41;37;C;1;1;1;;;;
simeon;2020_11_19_082704;un;37;C;1;1;;;;;
simeon;2020_11_19_082704;un;37;C;1;;1;;;;
simeon;2020_11_19_085316;R20;13;A;;1;;1;;;
simeon;2020_11_19_092116;T24;12;A;3;1;1;;;;
simeon;2020_11_19_092116;un + un;12;A;3;1;1;1;;;