observer;recording_file;date;time_start;tree;nest;entry;bird_id;at_nest;in_nest;building;note
Andrés;;28_10_20;14_59;24;A;;;;;;
Andrés;;28_10_20;14_59;24;B;1;un;1;;;
Andrés;;28_10_20;14_59;24;B;1;un;1;;;
Andrés;;28_10_20;14_59;24;C;1;G32;;1;;
Andrés;;28_10_20;14_59;24;F;1;un;1;;;
Andrés;;28_10_20;15_15;26;A;1;un;1;;1;
Andrés;;28_10_20;15_21;27;A;1;;;;;
Andrés;;28_10_20;15_34;28;;;;;;;
Andrés;;28_10_20;15_43;29;B;1;un;;1;;touching I04
Andrés;;28_10_20;15_43;29;B;1;I04;;1;;touching un
Andrés;;28_10_20;15_43;29;G;1;P67;1;;;
Andrés;;28_10_20;15_56;35;;;;;;;
Andrés;;29_10_20;12_06;30;B;1;X;1;;;
Andrés;;29_10_20;12_16;31;A;1;X;;1;;
Andrés;;29_10_20;12_16;31;B;;X;;1;;
Andrés;;29_10_20;12_30;39;A;;X;;;1;didn't record if building out/inside
Andrés;;29_10_20;12_30;39;A;;EX4;;;1;didn't record if building out/inside
Andrés;;29_10_20;12_46;32;A;1;un;;1;;
Andrés;;29_10_20;12_46;32;A;1;IXX;;1;;
Andrés;;29_10_20;12_46;32;D;;PXX;1;;;near the nest (<50cm)
Andrés;;29_10_20;12_46;32;D;;TXX;1;;;near the nest (<50cm)
Andrés;;29_10_20;12_46;32;C;1;X;1;;;
Andrés;;29_10_20;12_46;32;C;1;un;1;;;
Andrés;;29_10_20;12_46;32;B;1;X;1;;;
Andrés;;29_10_20;12_46;32;B;1;X;1;;;
Andrés;;29_10_20;13_01;33;A;1;P75;1;;1;
Andrés;;29_10_20;13_01;33;A;1;K52;;1;1;
Andrés;;29_10_20;13_01;33;B;1;E88;1;;;
Andrés;;29_10_20;13_18;34;;;;;;;
Andrés;;29_10_20;13_31;36;B;1;un;;1;;
Andrés;;29_10_20;13_31;36;C;;un;1;;;
Andrés;;29_10_20;13_31;36;D;1;SX7;1;;;
Andrés;;29_10_20;13_31;36;D;1;un;1;;;
Andrés;;29_10_20;13_31;36;A;1;KXX;;1;1;
Andrés;;29_10_20;13_31;36;A;;un;1;;;near
Andrés;;29_10_20;14_08;37;B;1;D32;;1;;
Andrés;;29_10_20;14_08;37;B;1;X;1;;;
Andrés;;29_10_20;14_08;37;B;1;unknown;1;;;
Andrés;;29_10_20;14_08;37;A;2;X;1;;;
Andrés;;29_10_20;14_08;37;A;;X;1;;;
Andrés;;29_10_20;14_26;23;;;;;;;
Andrés;;30_10_20;12_36;40;;;;;;;
Andrés;;30_10_20;12_53;41;A;2;S34;;1;1;
Andrés;;30_10_20;12_53;41;A;2;R83;;1;;
Andrés;;30_10_20;13_03;13;A;1;R20;;1;1;
Andrés;;30_10_20;13_03;13;;;R23;1;;;
Andrés;;30_10_20;13_12;12;A;1;T24;1;;;
Andrés;;30_10_20;13_12;12;A;4;D86;;1;;
Andrés;;30_10_20;13_18;11;A;1;unknown;;1;;
Andrés;;30_10_20;13_18;11;A;1;unknown;;1;;
Andrés;;30_10_20;13_33;14;A;2;M38;;1;;
Andrés;;30_10_20;13_33;14;A;2;L35;;1;;
Andrés;;30_10_20;13_33;14;A;1;un;;1;;
Andrés;;30_10_20;13_33;14;A;1;E01;;1;;
Andrés;;30_10_20;13_40;15;A;1;K70;;1;1;
Andrés;;30_10_20;13_40;15;A;1;unknown;;1;;
Andrés;;30_10_20;13_52;16;A;1;K80;1;1;;
Andrés;;30_10_20;13_52;16;A;1;un;1;1;;
Andrés;;30_10_20;14_03;17;;;;;;;
Andrés;;30_10_20;14_10;18;A;1;un;;1;1;
Andrés;;30_10_20;14_10;18;A;4;J43;;1;1;
Andrés;;30_10_20;14_16;19;A;1;T81;;1;;
Andrés;;30_10_20;14_16;19;A;1;un;1;1;1;First seen inside, then outside building
Andrés;;30_10_20;15_09;20;A;1;R87;1;1;1;seen building outside and inside
Andrés;;30_10_20;15_09;20;A;1;un;;1;1;
Andrés;;30_10_20;15_16;21;A;2;un;1;;1;
Andrés;;30_10_20;15_16;21;A;2;X;1;;1;
Andrés;;30_10_20;15_16;21;A;1;X;;1;1;
Andrés;;30_10_20;15_23;22;A;;;;;;
Andrés;;30_10_20;15_28;1;A;1;un;;1;;
Andrés;;30_10_20;15_28;1;A;;K62;1;;;
Andrés;;30_10_20;15_28;1;A;1;T30;1;;;
Andrés;;30_10_20;15_34;2;A;1;un;1;;;
Andrés;;30_10_20;15_34;2;A;1;M68;1;;;
Andrés;;30_10_20;15_41;3;A;2;unknown;;1;;
Andrés;;30_10_20;15_46;4;A;1;un;1;;;
Andrés;;30_10_20;15_46;4;A;;X;1;;;
Andrés;;30_10_20;15_51;5;A;2;un;;1;1;
Andrés;;30_10_20;15_51;5;A;6;T90;1;;1;
Andrés;;30_10_20;15_51;5;A;6;T63;1;;1;
Andrés;;30_10_20;15_51;5;A;3;un;1;;;
Andrés;;30_10_20;15_51;5;A;;un;1;;;
Andrés;;30_10_20;15_51;5;A;;un;1;;;
Andrés;;30_10_20;16_01;6;A;;;;;;
Andrés;;30_10_20;16_06;7;A;;;;;;
Andrés;;30_10_20;16_11;8;A;3;un;1;;1;
Andrés;;30_10_20;16_11;8;A;3;un;1;;1;
Andrés;;30_10_20;16_15;9;A;;;;;;
Andrés;;30_10_20;16_20;10;A;1;un;1;;;
Andrés;;30_10_20;16_20;10;A;3;X;1;;;
Andrés;;01_11_20;10_20;43;A;;un;1;;;
Andrés;;01_11_20;10_20;43;A;;unknown;1;;;
Andrés;;01_11_20;10_20;43;A;1;X;;1;;
Andrés;;01_11_20;11_22;44;D;;un;1;;;
Andrés;;01_11_20;11_22;44;B;;un;1;;;
Andrés;;01_11_20;11_22;44;C;;un;1;;;
Andrés;;01_11_20;11_22;44;C;;un;1;;;
Andrés;;01_11_20;11_22;44;C;;un;1;;;
Andrés;;01_11_20;11_42;45;E;;X;1;;;
Andrés;;01_11_20;11_42;45;A;;X;1;;;
Andrés;;01_11_20;11_42;45;F;;unknown;;1;;
Andrés;;01_11_20;11_42;45;F;;unknown;;1;;
Andrés;;01_11_20;11_42;45;F;;X;1;;;
Andrés;;01_11_20;11_42;45;D;;un;1;;;
Andrés;;01_11_20;11_59;29;A;1;C54;;1;;
Andrés;;01_11_20;11_59;29;A;1;L80;;1;;
Andrés;;01_11_20;11_59;29;;;I04;;;;
Andrés;;01_11_20;11_59;29;B;2;un;1;;1;
Andrés;;01_11_20;11_59;29;D;1;collar;;1;1;
Andrés;;01_11_20;11_59;29;D;1;un;;1;1;
Andrés;;01_11_20;12_08;28;E;;S32;1;;;
Andrés;;01_11_20;12_08;28;C;2;I73;;1;;
Andrés;;01_11_20;12_08;28;C;2;collar;;1;;
Andrés;;01_11_20;12_08;28;B;1;K47;;1;;
Andrés;;01_11_20;12_08;28;A;;un;1;;;
Andrés;;01_11_20;13_04;46;D;1;L23;;1;1;
Andrés;;01_11_20;13_04;46;D;1;un;;1;;
Andrés;;01_11_20;13_04;46;I;;un;1;;;
Andrés;;01_11_20;13_04;46;J;;unknown;;1;;
Andrés;;01_11_20;13_04;46;A;;un;1;;;
Andrés;;01_11_20;13_26;35;;;;;;;
Andrés;;01_11_20;13_30;37;;;;;;;
Andrés;;01_11_20;13_39;36;;;;;;;
Andrés;;01_11_20;13_44;40;;;;;;;
Andrés;;01_11_20;13_50;30;;;;;;;
Andrés;;01_11_20;13_59;31;;;;;;;
Andrés;;01_11_20;14_03;39;A;;X;1;;1;
Andrés;;01_11_20;14_11;32;A;1;X;;1;;
Andrés;;01_11_20;14_11;32;D;;T80;1;;1;
Andrés;;01_11_20;14_11;32;D;;P51;1;;1;
Andrés;;01_11_20;14_11;32;C;1;X;;1;;
Andrés;;01_11_20;14_11;32;C;1;X;;1;;
Andrés;;01_11_20;14_18;33;D;;EX7;1;;;
Andrés;;01_11_20;14_18;33;D;;E88;1;;;
Andrés;;03_11_20;12_23;23;;;;;;;
Andrés;;03_11_20;12_32;24;;;H51;;;;
Andrés;;03_11_20;12_32;24;;;un;;;;
Andrés;;03_11_20;12_38;25;;;;;;;
Andrés;;03_11_20;12_46;26;;;;;;;
Andrés;;03_11_20;12_53;27;A;1;un;;1;;
Andrés;;03_11_20;13_06;34;A;;un;1;;1;
Andrés;;03_11_20;13_31;41;A;2;S34;;1;;
Andrés;;03_11_20;13_31;41;A;2;unknown;1;;;
Andrés;;03_11_20;13_46;13;A;;R20;1;;;
Andrés;;03_11_20;13_46;13;A;;N23;1;;1;
Andrés;;03_11_20;13_46;13;A;;D86;1;;1;
Andrés;;03_11_20;13_53;14;A;;;;;;
Andrés;;03_11_20;13_56;15;A;;U20;1;;1;
Andrés;;03_11_20;14_02;16;A;1;X;;1;1;
Andrés;;03_11_20;14_09;17;A;;;;;;
Andrés;;03_11_20;14_20;20;A;;;;;;
Andrés;;03_11_20;14_28;18;A;;X;1;;;
Andrés;;03_11_20;14_32;19;A;;;;;;
Andrés;;03_11_20;14_36;21;A;1;X;;1;1;
Andrés;;03_11_20;14_36;21;A;1;un;1;;1;
Andrés;;03_11_20;14_42;22;A;;;;;;
Andrés;;03_11_20;14_48;1;A;;;;;;
Andrés;;03_11_20;14_53;2;A;;X;1;;;
Andrés;;03_11_20;14_53;2;A;;un;1;;;
Andrés;;03_11_20;14_58;4;A;2;un;;1;;
Andrés;;03_11_20;15_03;3;A;2;un;;1;;
Andrés;;03_11_20;15_09;5;A;;un;1;;;
Andrés;;03_11_20;15_15;6;A;1;un;;1;;
Andrés;;03_11_20;15_15;6;A;1;un;;1;;
Andrés;;03_11_20;15_22;7;A;;;;;;
Andrés;;03_11_20;15_27;8;A;;;;;;
Andrés;;03_11_20;15_31;9;A;;;;;;
Andrés;;04_11_20;12_13;32;A;;unknown;1;;;
Andrés;;04_11_20;12_20;33;A;1;X;;1;;
Andrés;;04_11_20;12_20;33;A;1;X;;1;;
Andrés;;04_11_20;12_28;34;A;1;un;1;1;1;
Andrés;;04_11_20;12_28;34;A;1;un;1;1;1;
Andrés;;04_11_20;12_35;35;;;X;;;;>2m from nests. same tree
Andrés;;04_11_20;12_41;37;;;;;;;
Andrés;;04_11_20;12_50;36;D;1;S47;;;;
Andrés;;04_11_20;12_50;36;D;1;S28;;;;
Andrés;;04_11_20;12_50;36;D;1;X;;;;
Andrés;;04_11_20;12_50;36;D;1;un;;;;
Andrés;;04_11_20;12_50;36;D;1;un;;;;
Andrés;;04_11_20;13_02;40;;;;;;;
Andrés;;04_11_20;13_07;30;;;;;;;
Andrés;;06_11_20;11_24;54;A;2;un;;1;;
Andrés;;06_11_20;11_24;54;A;2;un;;1;;
Andrés;;06_11_20;11_32;53;A;;;;;;
Andrés;;06_11_20;11_43;51;A;;;;;;
Andrés;;06_11_20;11_50;50;A;;;;;;
Andrés;;06_11_20;11_55;49;A;;un;1;;;
Andrés;;06_11_20;11_55;49;A;;un;1;;;
Andrés;;06_11_20;11_55;49;A;;un;1;;;
Andrés;;06_11_20;11_55;49;A;;un;1;;;
Andrés;;06_11_20;12_00;47;A;1;un;;1;1;
Andrés;;06_11_20;12_04;48;;;;;;;
Andrés;;06_11_20;12_08;58;A;1;un;;1;1;
Andrés;;06_11_20;12_08;58;A;1;un;1;;1;
Andrés;;06_11_20;12_13;59;B;1;un;1;1;1;stealing sticks from 59A
Andrés;;06_11_20;12_13;59;B;1;X;;1;;
Andrés;;06_11_20;12_19;60;A;;;;;;
Andrés;;06_11_20;12_23;61;A;;;;;;
Andrés;;06_11_20;12_29;62;A;1;un;;1;1;
Andrés;;06_11_20;12_29;62;A;1;un;;1;1;
Andrés;;06_11_20;12_36;64;A;1;X;;1;;
Andrés;;06_11_20;12_36;64;A;1;un;1;;1;
Andrés;;06_11_20;12_41;63;A;;;;;;
Andrés;;06_11_20;13_04;65;;;;;;;
Andrés;;06_11_20;13_07;66;A;;;;;;
Andrés;;06_11_20;13_10;67;;;;;;;
Andrés;;06_11_20;13_17;68;A;;X;1;;1;
Andrés;;06_11_20;13_17;68;A;;un;1;;1;
Andrés;;06_11_20;13_20;69;A;;;;;;
Andrés;;06_11_20;13_29;70;;;;;;;
Andrés;;06_11_20;14_05;24;C;;G32;1;;;
Andrés;;06_11_20;14_05;24;B;;un;1;;;
Andrés;;06_11_20;14_11;25;;;;;;;
Andrés;;06_11_20;14_23;33;;;;;;;
Andrés;;09_11_20;10_20;71;;;;;;;
Andrés;;09_11_20;10_23;56;;;;;;;
Andrés;;09_11_20;10_27;55;A;;S35;;;;
Andrés;;09_11_20;10_27;55;A;;un;;;;
Andrés;;09_11_20;10_27;55;A;;un;;;;
Andrés;;09_11_20;10_38;54;;;;;;;
Andrés;;09_11_20;10_42;53;;;;;;;
Andrés;;09_11_20;10_51;52;A;1;un;;1;;
Andrés;;09_11_20;10_51;52;A;;un;1;;1;
Andrés;;09_11_20;10_51;52;A;;un;1;;1;
Andrés;;09_11_20;10_51;52;A;;un;1;;1;
Andrés;;09_11_20;10_58;57;A;;un;1;;;
Andrés;;09_11_20;10_58;57;G;;un;1;;;
Andrés;;09_11_20;10_58;57;D;;un;1;;;
Andrés;;09_11_20;10_58;57;D;;un;1;;;
Andrés;;09_11_20;11_10;51;;;;;;;
Andrés;;09_11_20;11_19;50;;;;;;;
Andrés;;09_11_20;11_25;49;A;1;un;;1;1;
Andrés;;09_11_20;11_25;49;A;1;un;;1;1;
Andrés;;09_11_20;11_33;47;A;;un;1;;;
Andrés;;09_11_20;11_37;48;A;1;unknown;;1;;
Andrés;;09_11_20;11_37;48;A;1;un;1;;;
Andrés;;09_11_20;11_58;58;A;;un;1;;1;
Andrés;;09_11_20;12_05;61;A;;un;1;;;
Andrés;;09_11_20;12_05;61;A;;un;1;;;
Andrés;;09_11_20;12_05;61;A;;collar;1;;;
Andrés;;09_11_20;12_11;59;;;;;;;
Andrés;;09_11_20;12_14;60;;;;;;;
Andrés;;09_11_20;12_24;62;A;1;un;;1;1;
Andrés;;09_11_20;12_24;62;A;;un;1;;1;
Andrés;;09_11_20;12_31;63;A;;un;;1;;
Andrés;;09_11_20;12_35;64;A;;;;;;
Andrés;;09_11_20;12_41;65;;;;;;;
Andrés;;09_11_20;12_49;66;A;1;X;;1;;
Andrés;;09_11_20;12_55;67;A;;;;;;
Andrés;;09_11_20;13_01;72;A;;;;;;
Andrés;;09_11_20;13_04;73;A;;un;1;;;
Andrés;;09_11_20;13_08;74;A;;unknown;1;;;
Andrés;;09_11_20;13_14;68;A;;;;;;
Andrés;;09_11_20;13_20;69;A;;un;1;;1;
Andrés;;09_11_20;13_20;69;A;;un;1;;1;
Andrés;;09_11_20;13_27;70;A;1;un;;1;;
Andrés;;09_11_20;13_35;75;A;1;unknown;;1;;
Andrés;;09_11_20;13_51;76;A;1;X;;1;;
Andrés;;09_11_20;14_04;27;A;1;J24;;1;1;
Andrés;;09_11_20;14_04;27;A;1;I00;;1;1;
Andrés;;09_11_20;14_38;31;;;;;;;
Andrés;;09_11_20;14_45;39;;;;;;;
Andrés;;09_11_20;15_15;36;D;;T21;1;;;
Andrés;;09_11_20;15_22;37;;;;;;;
Andrés;;09_11_20;15_25;35;;;;;;;
Andrés;;10_11_20;09_44;12;A;;;;;;
Andrés;;10_11_20;09_50;10;A;;;;;;
Andrés;;10_11_20;09_53;8;A;2;un;;1;1;
Andrés;;10_11_20;09_53;8;A;;un;1;;;
Andrés;;10_11_20;09_53;8;;;un;;;;
Andrés;;10_11_20;09_53;8;;;un;;;;
Andrés;;10_11_20;09_57;9;A;;un;1;;;
Andrés;;10_11_20;09_57;9;A;;un;1;;;
Andrés;;10_11_20;09_57;9;A;1;R18;1;;1;
Andrés;;10_11_20;09_57;9;A;;T71;1;;1;
Andrés;;10_11_20;10_03;7;A;;;;;;
Andrés;;10_11_20;10_07;6;A;;;;;;
Andrés;;10_11_20;10_15;5;A;;un;1;;1;
Andrés;;10_11_20;10_15;5;A;;un;1;;1;
Andrés;;10_11_20;10_15;5;A;;un;1;;1;
Andrés;;10_11_20;10_15;5;A;5;un;;1;;
Andrés;;10_11_20;10_15;5;A;6;T90;;1;1;
Andrés;;10_11_20;10_15;5;A;6;T63;;1;1;
Andrés;;10_11_20;10_15;5;A;1;un;;1;;
Andrés;;10_11_20;10_22;4;A;;E36;1;;;
Andrés;;10_11_20;10_22;4;A;2;un;;1;1;
Andrés;;10_11_20;10_30;3;A;3;un;;1;;
Andrés;;10_11_20;10_30;3;A;;un;1;;;
Andrés;;10_11_20;10_30;3;A;2;un;;1;;same as line 288
Andrés;;10_11_20;10_38;2;A;3;J99;;1;;
Andrés;;10_11_20;10_38;2;A;3;un;;1;;
Andrés;;10_11_20;10_38;2;A;5;un;;1;;
Andrés;;10_11_20;10_38;2;A;5;un;1;;1;
Andrés;;10_11_20;10_38;2;A;;un;1;;;
Andrés;;10_11_20;10_45;1;A;;un;;;;
Andrés;;10_11_20;10_45;1;A;;un;;;;
Andrés;;10_11_20;10_45;1;A;;un;;;;
Andrés;;10_11_20;10_52;22;A;3;un;;1;;
Andrés;;10_11_20;10_52;22;A;3;un;;1;;
Andrés;;10_11_20;10_52;22;A;3;un;;1;1;
Andrés;;10_11_20;10_57;21;A;3;T4X;;1;1;
Andrés;;10_11_20;10_57;21;A;1;un;;1;1;
Andrés;;10_11_20;10_57;21;A;1;X;;1;1;
Andrés;;10_11_20;10_57;21;A;;un;1;;;
Andrés;;10_11_20;11_04;20;A;;;;;;
Andrés;;10_11_20;11_09;17;A;;;;;;
Andrés;;10_11_20;11_14;16;A;;K80;1;;1;
Andrés;;10_11_20;11_14;16;A;;un;1;;;
Andrés;;10_11_20;11_19;15;A;1;K70;;1;1;
Andrés;;10_11_20;11_25;14;A;;E01;;;;
Andrés;;10_11_20;11_25;14;A;;un;;;;
Andrés;;10_11_20;11_25;14;A;;K80;1;;1;
Andrés;;10_11_20;11_25;14;A;2;MXX;;1;;
Andrés;;10_11_20;11_25;14;A;2;X35;;1;;
Andrés;;10_11_20;11_33;13;A;;;;;;
Andrés;;10_11_20;11_37;41;A;2;S34;;1;1;
Andrés;;10_11_20;11_37;41;A;;R83;1;;1;
Andrés;;10_11_20;12_00;31;A;;;;;;
Andrés;;10_11_20;12_06;32;A;1;un;;1;;
Andrés;;10_11_20;12_06;32;B;;X;1;;;eating bread
Andrés;;10_11_20;12_12;33;E;1;E88;;1;1;
Andrés;;10_11_20;12_12;33;E;;E67;1;;1;
Andrés;;10_11_20;12_12;33;E;;EXX;1;;1;
Andrés;;12_11_20;11_18;24;D;;H51;1;;;
Andrés;;12_11_20;11_18;24;D;;un;1;;;
Andrés;;12_11_20;11_18;24;F;1;L22;;1;1;
Andrés;;12_11_20;11_18;24;F;;S41;1;;;
Andrés;;12_11_20;11_18;24;F;;un;1;;;
Andrés;;12_11_20;11_18;24;B;;I87;1;;;
Andrés;;12_11_20;11_18;24;C;1;G32;;1;1;
Andrés;;12_11_20;11_18;24;C;;E59;1;;;
Andrés;;12_11_20;11_29;25;A;;S10;1;;;
Andrés;;12_11_20;11_29;25;A;;S09;1;;;
Andrés;;12_11_20;11_29;25;A;;I94;1;;1;
Andrés;;12_11_20;11_29;25;B;;T94;1;;1;
Andrés;;12_11_20;11_29;25;B;2;un;;1;;
Andrés;;12_11_20;11_29;25;E;;;1;;1;
Andrés;;12_11_20;11_29;25;E;;;1;;1;
Andrés;;12_11_20;11_45;26;A;;X;1;;;
Andrés;;12_11_20;11_45;26;A;1;un;;1;1;
Andrés;;12_11_20;11_51;27;;;;;;;
Andrés;;12_11_20;12_10;34;A;1;un;;1;1;
Andrés;;12_11_20;12_15;33;A;;X75;1;;;
Andrés;;12_11_20;12_15;33;A;;K52;1;;;
Andrés;;12_11_20;12_20;32;D;1;TXX;;1;;
Andrés;;12_11_20;12_20;32;D;;PXX;1;;;
Andrés;;12_11_20;12_20;32;D;;unknown;;1;;
Andrés;;12_11_20;12_20;32;D;;unknown;;1;;
Andrés;;12_11_20;12_30;39;;;;;;;
Andrés;;12_11_20;12_32;31;;;;;;;
Andrés;;12_11_20;12_34;36;;;;;;;
Andrés;;12_11_20;12_45;40;;;;;;;
Andrés;;12_11_20;12_51;30;;;;;;;
Andrés;;12_11_20;12_57;37;A;;D39;1;;;
Andrés;;12_11_20;12_57;37;A;;F23;1;;;
Andrés;;12_11_20;13_02;35;B;1;un;;1;;
Andrés;;12_11_20;13_13;41;A;;;;;;
Andrés;;12_11_20;13_20;13;A;;;;;;
Andrés;;12_11_20;13_23;14;A;2;M38;;1;;
Andrés;;12_11_20;13_23;14;A;2;L35;;1;;
Andrés;;12_11_20;13_23;14;A;;E01;1;;;
Andrés;;12_11_20;13_23;14;A;;un;1;;;
Andrés;;12_11_20;13_23;14;A;1;KXX;;1;;
Andrés;;12_11_20;13_27;15;A;;;;;;
Andrés;;12_11_20;13_29;16;A;;;;;;
Andrés;;12_11_20;13_33;17;A;;;;;;
Andrés;;12_11_20;13_36;18;A;;;;;;
Andrés;;12_11_20;13_37;19;A;;;;;;
Andrés;;12_11_20;13_38;20;A;;;;;;
Andrés;;12_11_20;13_41;1;A;;un;1;;;
Andrés;;12_11_20;13_41;1;A;1;un;;1;1;
Andrés;;12_11_20;13_41;1;A;1;un;;1;1;
Andrés;;12_11_20;13_45;2;A;7;un;;1;;
Andrés;;12_11_20;13_45;2;A;;J84;1;;;
Andrés;;12_11_20;13_45;2;A;3;un;;1;1;
Andrés;;13_11_20;10_45;23;A;;;;;;
Andrés;;13_11_20;10_57;12;A;;I24;1;;1;
Andrés;;13_11_20;10_57;12;A;;N23;1;;1;
Andrés;;13_11_20;10_57;12;A;;un;1;;1;
Andrés;;13_11_20;10_57;12;A;;un;1;;1;
Andrés;;13_11_20;10_57;12;A;;D86;1;;;
Andrés;;13_11_20;11_00;11;A;1;I49;;1;1;
Andrés;;13_11_20;11_00;11;A;1;unknown;;1;;
Andrés;;13_11_20;11_05;10;A;1;un;;1;;
Andrés;;13_11_20;11_05;10;A;;K41;1;;;
Andrés;;13_11_20;11_10;9;A;2;T71;;1;1;
Andrés;;13_11_20;11_10;9;A;2;R18;;1;1;
Andrés;;13_11_20;11_14;8;A;2;un;;1;1;
Andrés;;13_11_20;11_14;8;A;;un;1;;;
Andrés;;13_11_20;11_19;7;A;;J13;1;;;
Andrés;;13_11_20;11_23;6;A;;un;1;;;
Andrés;;13_11_20;11_23;6;A;1;un;;1;1;
Andrés;;13_11_20;11_29;5;A;;un;1;;1;
Andrés;;13_11_20;11_29;5;A;;un;1;;1;
Andrés;;13_11_20;11_29;5;A;5;un;;1;;
Andrés;;13_11_20;11_29;5;A;6;T90;;1;1;
Andrés;;13_11_20;11_29;5;A;6;T63;;1;;
Andrés;;13_11_20;11_29;5;A;;un;1;;;
Andrés;;13_11_20;11_29;5;A;;un;1;;;
Andrés;;13_11_20;11_36;4;A;;un;1;;;
Andrés;;13_11_20;11_36;4;A;;X;1;;;
Andrés;;13_11_20;11_40;3;A;;;;;;
Andrés;;13_11_20;11_45;2;A;3;I89;;1;;
Andrés;;13_11_20;11_45;2;A;3;un;;1;;
Andrés;;13_11_20;11_45;2;A;5;collar;;1;1;
Andrés;;13_11_20;11_50;1;A;;un;1;;;
Andrés;;13_11_20;11_50;1;A;;un;1;;;
Andrés;;13_11_20;11_50;1;A;;N09;1;;;
Andrés;;13_11_20;11_50;1;A;1;un;;1;1;
Andrés;;13_11_20;11_50;1;A;1;un;;1;1;
Andrés;;13_11_20;12_30;27;A;1;S25;;1;1;
Andrés;;13_11_20;12_30;27;A;;un;1;;1;
Andrés;;13_11_20;12_30;27;A;;un;;;;
Andrés;;13_11_20;12_42;34;A;;un;1;;1;
Andrés;;13_11_20;12_42;;;;un;1;;1;
Andrés;;13_11_20;12_49;39;A;;;;;;
Andrés;;13_11_20;12_53;31;B;;un;1;;1;
Andrés;;13_11_20;12_55;38;A;;un;1;;1;
Andrés;;13_11_20;12_55;38;A;;un;1;;1;
Andrés;;13_11_20;13_05;36;A;;un;1;;1;
Andrés;;13_11_20;13_05;36;A;;un;1;;1;
Andrés;;13_11_20;13_05;36;C;;un;1;;;
Andrés;;13_11_20;13_11;37;A;4;un;;1;;
Andrés;;13_11_20;13_15;35;A;;;;;;
Andrés;;13_11_20;13_35;33;A;;un;1;;1;
Andrés;;13_11_20;13_35;33;A;;K52;1;;1;
Andrés;;13_11_20;13_40;32;D;;X;;1;;
Andrés;;13_11_20;13_40;32;A;1;un;;1;;
Andrés;;13_11_20;13_40;32;A;;PX1;1;;;
Andrés;;13_11_20;13_40;32;A;;IXX;;1;1;
Andrés;;13_11_20;13_53;24;E;1;P69;;1;;
Andrés;;13_11_20;13_53;24;E;1;S57;;1;;
Andrés;;13_11_20;13_53;24;D;1;un;;1;;
Andrés;;13_11_20;13_53;24;C;;G32;1;;1;
Andrés;;13_11_20;14_00;25;C;;K76;1;;1;
Andrés;;13_11_20;14_00;25;C;1;K33;;1;1;
Andrés;;13_11_20;14_00;25;A;;J03;1;;1;
Andrés;;13_11_20;14_00;25;B;1;un;;1;1;
Andrés;;13_11_20;14_00;25;B;1;T94;;;;
Andrés;;13_11_20;14_15;26;;;;;;;
Andrés;;13_11_20;14_24;23;;;;;;;
Andrés;;13_11_20;14_30;41;A;;;;;;
Andrés;;13_11_20;14_33;13;;;;;;;
Andrés;;15_11_20;11_30;44;B;;un;1;;;
Andrés;;15_11_20;11_30;44;A;;un;1;;;
Andrés;;15_11_20;11_30;44;C;;un;1;;1;
Andrés;;15_11_20;11_40;45;F;;X;1;;1;
Andrés;;15_11_20;11_40;45;F;;X;1;;1;
Andrés;;15_11_20;11_40;45;F;;X;1;;1;
Andrés;;15_11_20;11_40;45;A;;un;1;;;
Andrés;;16_11_20;08_17;1;A;;;;;;
Andrés;;16_11_20;08_20;2;A;;;;;;
Andrés;;16_11_20;08_22;3;A;;;;;;
Andrés;;16_11_20;08_24;4;A;;;;;;
Andrés;;16_11_20;08_25;5;A;;;;;;
Andrés;;16_11_20;08_27;6;A;1;un;;1;1;
Andrés;;16_11_20;08_27;6;A;1;un;1;;;
Andrés;;16_11_20;08_30;7;A;;;;;;
Andrés;;16_11_20;08_32;8;A;;un;1;;1;
Andrés;;16_11_20;08_32;8;A;;un;1;;1;
Andrés;;16_11_20;08_35;9;A;;;;;;
Andrés;;16_11_20;08_36;10;A;;;;;;
Andrés;;16_11_20;08_37;11;A;;I29;1;;;
Andrés;;16_11_20;08_40;12;A;;;;;;
Andrés;;16_11_20;08_47;41;A;;;;;;
Andrés;;16_11_20;08_51;13;A;;;;;;
Andrés;;16_11_20;08_53;14;A;2;L35;1;;1;
Andrés;;16_11_20;08_53;14;A;;un;1;;;
Andrés;;16_11_20;08_53;14;A;;M38;1;;;
Andrés;;16_11_20;09_07;16;A;;;;;;
Andrés;;16_11_20;09_09;17;A;;;;;;
Andrés;;16_11_20;09_15;18;A;;J43;1;;;
Andrés;;16_11_20;09_15;18;A;;un;1;;;
Andrés;;16_11_20;09_19;19;A;;;;;;
Andrés;;16_11_20;09_20;21;A;3;un;;1;1;
Andrés;;16_11_20;09_20;21;A;;X;1;;;
Andrés;;16_11_20;09_30;22;A;;;;;;
Andrés;;16_11_20;09_35;2;A;3;un;;1;;
Andrés;;16_11_20;09_35;2;A;7;un;;1;;
Andrés;;16_11_20;09_35;2;A;1;un;;1;;
Andrés;;16_11_20;09_38;3;A;2;un;;1;;
Andrés;;16_11_20;09_41;4;A;3;un;;1;;
Andrés;;16_11_20;09_41;4;A;3;X;1;;1;
Andrés;;16_11_20;09_51;7;A;;J46;1;;;
Andrés;;16_11_20;09_51;7;A;5;J33;;;;
Andrés;;16_11_20;09_58;9;A;;R18;;;;
Andrés;;16_11_20;09_58;9;A;2;T71;;1;1;
Andrés;;16_11_20;10_35;55;A;;S15;1;;;
Andrés;;16_11_20;10_35;55;A;;un;1;;;
Andrés;;16_11_20;10_35;55;A;;un;1;;;
Andrés;;16_11_20;10_35;55;A;;un;1;;;
Andrés;;16_11_20;10_35;55;A;7;un;;1;;
Andrés;;16_11_20;10_35;55;A;5;un;;1;;
Andrés;;16_11_20;10_42;56;A;1;X88;1;;;
Andrés;;16_11_20;10_48;77;A;;X;1;;;
Andrés;;16_11_20;10_50;54;A;;un;1;;;
Andrés;;16_11_20;10_51;76;A;;;;;;
Andrés;;16_11_20;10_52;53;A;;;;;;
Andrés;;16_11_20;10_56;27;A;;un;1;;1;
Andrés;;16_11_20;11_03;28;E;;P76;1;;1;
Andrés;;16_11_20;11_06;29;C;;un;1;;;
Andrés;;16_11_20;11_06;29;C;;un;1;;;
Andrés;;16_11_20;11_06;29;C;;un;1;;;
Andrés;;16_11_20;11_06;29;C;;P58;1;;;
Andrés;;16_11_20;11_06;29;F;;un;1;;;
Andrés;;16_11_20;11_06;29;;;un;;;;
Andrés;;16_11_20;11_30;35;B;1;un;1;1;;
Andrés;;16_11_20;11_35;37;A;;D39;1;;;
Andrés;;16_11_20;11_35;37;A;;X;1;;;
Andrés;;16_11_20;11_44;36;A;;un;1;;1;
Andrés;;16_11_20;11_56;40;;;;;;;
Andrés;;16_11_20;12_00;30;;;;;;;
Andrés;;16_11_20;12_06;31;B;;un;1;;;
Andrés;;17_11_20;08_33;1;A;1;un;1;;1;
Andrés;;17_11_20;08_33;1;A;1;un;1;;1;
Andrés;;17_11_20;08_36;2;A;1;un;;1;1;
Andrés;;17_11_20;08_36;2;A;;S45;1;;;
Andrés;;17_11_20;08_36;2;A;;un;1;;;
Andrés;;17_11_20;08_36;2;A;;collar;1;;;
Andrés;;17_11_20;08_43;3;A;;;;;;
Andrés;;17_11_20;08_45;4;A;;;;;;
Andrés;;17_11_20;08_46;5;A;;;;;;
Andrés;;17_11_20;08_47;6;A;;un;1;;;
Andrés;;17_11_20;08_49;7;A;;J13;1;;;
Andrés;;17_11_20;08_54;8;A;;;;;;
Andrés;;17_11_20;08_55;9;A;;;;;;
Andrés;;17_11_20;08_57;10;A;;;;;;
Andrés;;17_11_20;08_58;11;A;;;;;;
Andrés;;17_11_20;09_00;12;A;;;;;;
Andrés;;17_11_20;09_40;24;A;1;S26;;1;1;
Andrés;;17_11_20;09_40;24;A;1;R86;;1;1;
Andrés;;17_11_20;09_40;24;A;;L14;1;;;
Andrés;;17_11_20;09_40;24;C;1;E59;;;;
Andrés;;17_11_20;09_40;24;;;un;1;;;
Andrés;;17_11_20;09_40;24;B;;I87;1;;;
Andrés;;17_11_20;09_40;24;E;1;P69;1;;;
Andrés;;17_11_20;09_40;24;E;1;S57;;1;1;
Andrés;;17_11_20;09_40;24;G;;un;1;;;
Andrés;;17_11_20;09_40;24;;;H51;;;;on the tree
Andrés;;17_11_20;09_40;24;;;un;;;;on the tree
Andrés;;17_11_20;09_56;25;A;;J03;1;;;
Andrés;;17_11_20;10_10;26;;;;;;;
Andrés;;17_11_20;10_15;27;;;;;;;
Andrés;;17_11_20;10_30;54;;;;;;;
Andrés;;17_11_20;10_31;76;;;;;;;
Andrés;;17_11_20;10_33;53;;;;;;;
Andrés;;17_11_20;10_35;77;A;;un;1;;1;
Andrés;;17_11_20;10_35;77;A;;X;1;;1;
Andrés;;17_11_20;10_42;55;A;4;un;;1;1;
Andrés;;17_11_20;10_42;55;A;2;un;;1;1;
Andrés;;17_11_20;10_42;55;A;;un;1;;1;
Andrés;;17_11_20;10_46;56;A;;;;;;
Andrés;;17_11_20;10_47;71;A;;;;;;
Andrés;;17_11_20;11_08;35;B;1;un;;1;1;
Andrés;;17_11_20;11_10;37;;;;;;;
Andrés;;17_11_20;11_19;36;B;;un;1;;1;
Andrés;;17_11_20;11_19;36;F;;;1;;1;
Andrés;;17_11_20;11_27;40;A;;;;;;
Andrés;;17_11_20;11_32;30;A;1;K48;1;1;1;
Andrés;;17_11_20;11_32;30;A;;S49;1;;1;
Andrés;;17_11_20;11_32;30;C;;un;1;;;
Andrés;;17_11_20;11_32;30;C;;un;1;;;
Andrés;;17_11_20;11_32;30;C;;un;1;;;
Andrés;;17_11_20;12_15;31;A;1;collar;;1;1;
Andrés;;17_11_20;12_20;38;A;;un;1;;1;
Andrés;;17_11_20;12_20;38;A;;un;1;;1;
Andrés;;17_11_20;12_25;39;A;;E87;1;;;
Andrés;;17_11_20;12_25;39;A;;E88;1;;1;
Andrés;;17_11_20;12_25;39;A;;E84;;;1;
Andrés;;17_11_20;12_32;34;A;;un;1;;1;
Andrés;;17_11_20;12_36;33;A;;KX3;1;;;
Andrés;;17_11_20;12_36;33;A;1;P75;;1;;
Andrés;;17_11_20;12_44;32;;;;;;;
Andrés;;17_11_20;12_50;36;B;1;un;;1;1;
Andrés;;17_11_20;12_50;36;B;;un;1;;1;
Andrés;;17_11_20;12_50;36;D;;S47;1;;;
Andrés;;17_11_20;12_50;36;D;;S28;1;;;
Andrés;;17_11_20;12_50;36;D;1;T21;;1;;
Andrés;;17_11_20;13_30;41;A;;;;;;
Andrés;;17_11_20;13_32;13;A;;;;;;
Andrés;;17_11_20;13_35;14;A;2;M38;;1;1;
Andrés;;17_11_20;13_35;14;A;2;L35;;1;1;
Andrés;;17_11_20;13_42;16;A;1;un;;1;;
Andrés;;17_11_20;13_43;17;A;;;;;;
Andrés;;17_11_20;13_45;19;A;;un;1;;;
Andrés;;17_11_20;13_45;19;A;;T81;1;;;
Andrés;;17_11_20;13_51;20;A;;;;;;
Andrés;;17_11_20;13_54;21;A;1;TXX;;1;1;
Andrés;;17_11_20;13_54;21;A;;un;1;;;
Andrés;;17_11_20;14_03;22;A;3;un;;1;1;
Andrés;;17_11_20;14_08;1;A;;;;;;
Andrés;;17_11_20;14_10;2;A;;un;1;;;
Andrés;;17_11_20;14_12;3;A;;;;;;
Andrés;;17_11_20;14_13;4;A;;;;;;
Andrés;;17_11_20;14_15;5;A;;;;;;
Andrés;;18_11_20;08_30;46;;;;;;;
Andrés;;18_11_20;08_35;45;;;;;;;
Andrés;;18_11_20;08_39;44;;;;;;;
Andrés;;18_11_20;08_55;26;;;;;;;
Andrés;;18_11_20;09_03;33;;;;;;;
Andrés;;18_11_20;09_10;36;C;;X;1;;;
Andrés;;18_11_20;09_10;36;C;;un;1;;;
Andrés;;18_11_20;09_15;35;;;;;;;
Andrés;;22_11_20;10_00;23;;;;;;;
Andrés;;22_11_20;10_05;24;C;;S06;1;;;
Andrés;;22_11_20;10_05;24;E;1;P68;;1;1;
Andrés;;22_11_20;10_05;24;E;;S17;1;;1;
Andrés;;22_11_20;10_05;24;E;1;S57;;1;;
Andrés;;22_11_20;10_05;24;D;;H51;1;;1;
Andrés;;22_11_20;10_05;24;D;;un;1;;1;
Andrés;;22_11_20;10_05;24;G;;S17;;;;stealing
Andrés;;22_11_20;10_05;24;C;;E59;1;;;
Andrés;;22_11_20;10_05;24;;;G74;;;;
Andrés;;22_11_20;10_05;24;G;1;collar;;1;1;
Andrés;;22_11_20;10_18;25;G;1;X;;1;1;maybe I09
Andrés;;22_11_20;10_33;26;A;1;TX8;;1;1;T-X8
Andrés;;22_11_20;10_33;26;A;1;un;1;1;1;
Andrés;;22_11_20;10_50;27;A;1;un;;1;;
Andrés;;22_11_20;11_05;71;A;;K49;1;;;
Andrés;;22_11_20;11_05;71;A;;un;1;;;
Andrés;;22_11_20;11_24;44;D;;un;1;;1;
Andrés;;22_11_20;11_24;44;D;;un;1;;1;
Andrés;;22_11_20;11_40;45;F;;un;1;;;
Andrés;;22_11_20;11_49;46;D;;un;1;;1;
Andrés;;22_11_20;11_49;46;D;;un;1;;1;
Andrés;;22_11_20;11_49;46;J;1;un;;1;1;
Andrés;;22_11_20;11_57;35;B;;T44;1;;;
Andrés;;22_11_20;12_00;37;A;;J78;1;;;
Andrés;;22_11_20;12_06;36;B;;un;1;;;
Andrés;;22_11_20;12_12;40;;;;;;;
Andrés;;22_11_20;12_20;30;;;;;;;
Andrés;;22_11_20;12_29;31;;;;;;;
Andrés;;22_11_20;12_30;38;A;;un;1;;1;
Andrés;;22_11_20;12_30;38;A;;un;1;;1;
Andrés;;22_11_20;12_33;39;A;1;S19;;1;;
Andrés;;22_11_20;12_33;39;A;1;un;;1;;
Andrés;;22_11_20;12_33;39;A;;un;;;;
Andrés;;22_11_20;12_39;32;A;;IX5;;;maybe I65;
Andrés;;22_11_20;12_39;32;D;;un;1;;;
Andrés;;22_11_20;12_45;33;A;;K52;1;1;1;
Andrés;;22_11_20;13_29;24;G;1;X;;1;;
Andrés;;22_11_20;13_29;24;G;1;unknown;;1;;
Andrés;;22_11_20;13_37;25;G;1;unknown;;1;;
Andrés;;22_11_20;13_37;25;G;1;unknown;;1;;
Andrés;;22_11_20;13_42;78;A;1;P68;;1;1;missing left leg
Andrés;;22_11_20;13_42;78;A;;X;1;;;
Andrés;;22_11_20;13_58;79;A;;collar;1;;;
Andrés;;22_11_20;13_58;79;A;;X;;1;1;
Andrés;;22_11_20;14_12;80;A;;unknown;1;;;
Andrés;;22_11_20;14_18;81;A;;P12;1;;1;
Andrés;;22_11_20;14_18;81;A;;X56;1;;1;maybe K56
Andrés;;22_11_20;14_18;81;A;2;P12;;1;1;
Andrés;;22_11_20;14_33;82;A;;un;1;;;
Andrés;;22_11_20;14_40;83;A;;un;1;;1;
Andrés;;22_11_20;15_05;41;A;;S34;;1;1;
Andrés;;22_11_20;15_05;41;A;;R83;;1;1;
Andrés;;22_11_20;15_12;13;A;;D86;1;;1;
Andrés;;22_11_20;15_12;13;A;1;RX0;;1;1;
Andrés;;22_11_20;15_18;14;A;;;;;;
Andrés;;22_11_20;15_22;16;A;1;K80;1;;1;
Andrés;;22_11_20;15_26;17;A;;;;;;
Andrés;;22_11_20;15_28;18;A;;un;1;;;
Andrés;;22_11_20;15_32;19;A;;un;1;;1;
Andrés;;22_11_20;15_42;20;A;1;R87;;1;1;
Andrés;;22_11_20;15_49;21;A;;;;;;
Andrés;;22_11_20;15_50;22;A;;;;;;
Andrés;;22_11_20;15_54;1;A;;un;1;;1;
Andrés;;22_11_20;15_54;1;A;;un;1;;1;
Andrés;;22_11_20;15_58;2;A;;;;;;
Andrés;;22_11_20;15_59;3;;;;;;;
Andrés;;22_11_20;16_01;4;A;;E36;1;;;
Andrés;;22_11_20;16_08;5;A;;T90;1;;1;
Andrés;;22_11_20;16_14;6;A;;;;;;
Andrés;;22_11_20;16_14;7;A;;;;;;
Andrés;;23_11_20;12_07;1;A;;un;1;;;
Andrés;;23_11_20;12_07;1;A;;un;1;;;
Andrés;;23_11_20;12_07;1;A;1;un;;1;;
Andrés;;23_11_20;12_16;2;A;;S45;1;;;
Andrés;;23_11_20;12_16;2;A;;collar;1;;;
Andrés;;23_11_20;12_16;2;A;;X;1;;;
Andrés;;23_11_20;12_25;3;A;;;;;;
Andrés;;23_11_20;12_26;4;A;;;;;;
Andrés;;23_11_20;12_27;5;A;5;un;;1;;
Andrés;;23_11_20;12_27;5;A;;T63;1;;;
Andrés;;23_11_20;12_27;5;A;6;X;;1;;
Andrés;;23_11_20;12_39;6;A;;;;;;
Andrés;;23_11_20;12_39;7;A;;;;;;
Andrés;;23_11_20;12_41;8;A;;;;;;
Andrés;;23_11_20;12_42;9;A;1;R18;1;;1;
Andrés;;23_11_20;12_42;9;A;;un;1;;;
Andrés;;23_11_20;12_42;9;A;;un;1;;;
Andrés;;23_11_20;12_49;10;A;;X;1;;;
Andrés;;23_11_20;12_49;10;A;1;un;;1;;
Andrés;;23_11_20;13_00;11;A;;;;;;
Andrés;;23_11_20;13_02;12;A;;;;;;
Andrés;;23_11_20;13_12;41;A;;R83;1;;1;
Andrés;;23_11_20;13_12;41;A;2;S34;;1;;
Andrés;;23_11_20;13_22;13;A;;D86;1;;1;
Andrés;;23_11_20;13_22;13;A;;N23;1;;1;
Andrés;;23_11_20;13_30;14;A;;K80;1;;1;
Andrés;;23_11_20;13_30;14;A;1;un;;1;;
Andrés;;23_11_20;13_30;14;A;2;M38;;1;;
Andrés;;23_11_20;13_30;14;A;2;LXX;;1;;
Andrés;;23_11_20;13_40;17;A;;;;;;
Andrés;;23_11_20;13_41;18;A;2;J43;;1;;
Andrés;;23_11_20;13_41;18;A;2;un;;1;1;
Andrés;;23_11_20;13_43;19;A;1;T81;;1;1;
Andrés;;23_11_20;13_43;19;A;;un;1;;1;
Andrés;;23_11_20;13_47;21;A;2;TX3;;1;;
Andrés;;23_11_20;13_47;21;A;2;un;;1;1;goes to 21A3 inside building
Andrés;;23_11_20;13_47;21;A;3;un;;1;1;same as line 711
Andrés;;23_11_20;13_47;21;A;;un;1;;;
Andrés;;23_11_20;13_54;22;A;;un;1;;;
Andrés;;23_11_20;13_54;22;A;;un;1;;;
Andrés;;23_11_20;13_54;22;A;3;un;;1;1;
Andrés;;23_11_20;14_10;23;A;;;;;;
Andrés;;23_11_20;14_13;24;G;;G74;1;;;
Andrés;;23_11_20;14_13;24;G;;collar;1;;;
Andrés;;23_11_20;14_13;24;F;1;L22;1;;1;
Andrés;;23_11_20;14_13;24;F;1;un;1;;;
Andrés;;23_11_20;14_13;24;D;;un;1;;;
Andrés;;23_11_20;14_13;24;E;;S57;1;;;
Andrés;;23_11_20;14_13;24;D;;H51;1;;;
Andrés;;23_11_20;14_18;25;G;1;X;;1;;
Andrés;;23_11_20;14_47;26;;;;;;;
Andrés;;23_11_20;14_51;27;A;;I00;1;;;
Andrés;;23_11_20;15_01;34;A;;;;;;
Andrés;;23_11_20;15_06;33;;;;;;;
Andrés;;23_11_20;15_10;32;D;1;I80;;1;1;
Andrés;;23_11_20;15_10;32;D;;un;1;;;
Andrés;;23_11_20;15_10;32;A;;E45;1;;;
Andrés;;23_11_20;15_10;32;B;;X;1;;1;
Andrés;;23_11_20;15_25;31;;;;;;;
Andrés;;23_11_20;15_27;38;A;;S19;1;;;goes to tree 31A1 inside
Andrés;;23_11_20;15_27;31;A;1;S19;;1;;
Andrés;;23_11_20;15_31;39;A;;;;;;
Andrés;;23_11_20;15_35;36;F;1;KXX;1;;1;
Andrés;;23_11_20;15_35;36;F;1;un;;1;;
Andrés;;23_11_20;15_42;40;;;;;;;
Andrés;;23_11_20;15_45;30;;;;;;;
Andrés;;23_11_20;15_53;37;A;2;un;1;1;1;
Andrés;;23_11_20;15_53;37;a;;J78;1;;1;
Andrés;;23_11_20;16_00;35;;;;;;;
Andrés;;23_11_20;16_07;78;A;;;;;;
Andrés;;23_11_20;16_09;79;A;;;;;;
Andrés;;23_11_20;16_12;80;A;;;;;;
Andrés;;23_11_20;16_15;83;A;;;;;;
Andrés;;23_11_20;16_31;81;;;;;;;
Andrés;;23_11_20;16_40;82;;;;;;;
Andrés;;23_11_20;16_53;12;A;;;;;;
Andrés;;23_11_20;16_55;11;A;;un;1;;1;
Andrés;;23_11_20;16_55;11;A;;I49;1;;1;
Andrés;;23_11_20;17_01;10;A;1;un;;1;1;
Andrés;;23_11_20;17_04;9;A;;;;;;
Andrés;;23_11_20;17_05;8;A;;;;;;
Andrés;;23_11_20;17_06;7;A;;;;;;
Andrés;;23_11_20;17_09;5;A;;;;;;
Andrés;;23_11_20;17_10;4;A;;;;;;
Andrés;;23_11_20;17_10;3;A;;;;;;
Andrés;;23_11_20;17_12;2;A;;;;;;
Andrés;;23_11_20;17_15;1;A;;;;;;
Andrés;;23_11_20;17_17;22;A;;;;;;
Andrés;;25_11_20;08_05;83;A;;;;;;
Andrés;;25_11_20;08_09;81;A;;;;;;
Andrés;;25_11_20;08_12;82;A;;;;;;
Andrés;;25_11_20;08_21;80;A;;;;;;
Andrés;;25_11_20;08_23;79;A;;;;;;
Andrés;;25_11_20;08_24;78;A;;;;;;
Andrés;;25_11_20;08_29;41;A;;;;;;
Andrés;;25_11_20;08_30;13;A;;;;;;
Andrés;;25_11_20;08_32;14;A;;;;;;
Andrés;;25_11_20;08_36;17;A;;;;;;
Andrés;;25_11_20;08_39;18;A;;;;;;
Andrés;;25_11_20;08_39;19;A;;;;;;
Andrés;;25_11_20;08_43;21;A;;;;;;
Andrés;;25_11_20;08_46;22;A;3;un;;1;1;
Andrés;;25_11_20;08_53;1;A;;S33;1;;;
Andrés;;25_11_20;08_53;1;A;;un;1;;;
Andrés;;25_11_20;08_53;1;A;1;un;;1;1;
Andrés;;25_11_20;08_53;1;A;1;un;;1;1;
Andrés;;25_11_20;08_53;1;A;1;un;;1;1;
Andrés;;25_11_20;08_53;1;A;2;un;;1;1;
Andrés;;25_11_20;08_53;1;A;;;1;;;
Andrés;;25_11_20;08_53;1;A;;X;1;;;
Andrés;;25_11_20;08_53;1;A;;X;1;;;
Andrés;;25_11_20;09_04;2;A;;J89;1;;;
Andrés;;25_11_20;09_04;2;A;9;un;1;;1;
Andrés;;25_11_20;09_04;2;A;5;un;1;;;
Andrés;;25_11_20;09_04;2;A;5;collar;;1;;
Andrés;;25_11_20;09_11;3;A;;un;1;;;
Andrés;;25_11_20;09_11;3;A;;un;1;;;
Andrés;;25_11_20;09_11;3;A;;un;1;;;
Andrés;;25_11_20;09_14;4;A;;un;1;;;
Andrés;;25_11_20;09_14;4;A;2;E36;;1;1;
Andrés;;25_11_20;09_18;5;A;;;;;;
Andrés;;25_11_20;09_20;7;A;;J13;1;;1;
Andrés;;25_11_20;09_20;7;A;;J46;1;;1;
Andrés;;25_11_20;09_24;8;A;;;;;;
Andrés;;25_11_20;09_25;9;A;;T71;1;;;
Andrés;;25_11_20;09_26;10;A;;;;;;
Andrés;;25_11_20;09_28;11;A;;;;;;
Andrés;;25_11_20;09_30;12;A;;;;;;
Andrés;;25_11_20;09_40;23;A;;;;;;
Andrés;;25_11_20;09_43;24;E;;S57;1;;;
Andrés;;25_11_20;09_43;24;E;;P69;1;;;
Andrés;;25_11_20;09_43;24;B;;L22;1;;;
Andrés;;25_11_20;09_43;24;B;;un;1;;;
Andrés;;25_11_20;09_43;24;G;;G74;;1;;
Andrés;;25_11_20;09_49;25;;;K76;;;;at tree
Andrés;;25_11_20;09_49;25;;;un;;;;at tree
Andrés;;25_11_20;09_49;25;B;;;;;;
Andrés;;26_11_20;12_59;81;A;;J56;1;;1;
Andrés;;26_11_20;13_08;82;A;;;;;;
Andrés;;26_11_20;13_17;83;A;1;un;;1;1;
Andrés;;26_11_20;13_25;80;A;;un;1;;;
Andrés;;26_11_20;13_31;79;A;;PXX;1;;1;
Andrés;;26_11_20;13_31;79;A;;K64;1;;1;
Andrés;;26_11_20;13_40;78;A;1;K64;1;1;1;same as line 819
Andrés;;26_11_20;13_51;30;;;;;;;
Andrés;;26_11_20;14_10;38;;;;;;;
Andrés;;26_11_20;14_11;39;;;;;;;
Andrés;;26_11_20;14_13;32;D;;un;1;;;
Andrés;;26_11_20;14_13;32;D;;PXX;1;;1;
Andrés;;26_11_20;14_13;32;A;;X;1;;;
Andrés;;26_11_20;14_13;32;A;;X;1;;;
Andrés;;26_11_20;14_19;33;;;;;;;
Andrés;;26_11_20;14_22;34;A;;un;1;;1;
Andrés;;26_11_20;14_26;35;B;;un;1;;1;
Andrés;;26_11_20;14_27;37;;;;;;;
Andrés;;26_11_20;14_32;36;;;;;;;
Andrés;;26_11_20;14_38;40;;;;;;;
Andrés;;26_11_20;14_53;23;;;;;;;
Andrés;;26_11_20;14_55;24;G;1;collar;;1;1;
Andrés;;26_11_20;14_55;24;F;;L22;1;;;
Andrés;;26_11_20;14_55;24;F;;un;1;;;
Andrés;;26_11_20;14_55;24;F;;un;1;;;
Andrés;;26_11_20;14_55;24;D;;un;1;;1;
Andrés;;26_11_20;14_55;24;C;1;un;;1;1;
Andrés;;26_11_20;14_55;24;C;1;H51;;1;;
Andrés;;26_11_20;14_55;24;B;1;I87;;1;;
Andrés;;26_11_20;14_55;24;B;1;un;;1;;
Andrés;;26_11_20;15_04;25;G;;X;;1;;
Andrés;;26_11_20;15_04;25;G;;X;;1;;
Andrés;;26_11_20;15_04;25;;;un;;;;
Andrés;;26_11_20;15_04;25;;;un;;;;
Andrés;;26_11_20;15_04;25;B;;T94;1;;;
Andrés;;26_11_20;15_11;26;A;1;un;;1;;
Andrés;;26_11_20;15_11;26;A;1;X;;1;;
Andrés;;26_11_20;15_11;26;A;1;X;;1;;
Andrés;;26_11_20;15_21;27;A;;;;;;
Andrés;;26_11_20;15_36;54;A;;;;;;
Andrés;;26_11_20;15_37;76;A;;;;;;
Andrés;;26_11_20;15_38;53;A;;;;;;
Andrés;;26_11_20;15_41;55;A;;un;1;;;
Andrés;;26_11_20;15_41;55;A;;un;1;;;
Andrés;;26_11_20;15_41;55;A;;un;1;;;
Andrés;;26_11_20;15_41;55;A;;un;1;;1;
Andrés;;26_11_20;15_46;77;B;;T84;1;;1;
Andrés;;26_11_20;15_46;77;B;;un;1;;;
Andrés;;26_11_20;15_48;56;;;;;;;
Andrés;;26_11_20;15_49;71;;;;;;;
Andrés;;26_11_20;15_56;43;;;;;;;
Andrés;;26_11_20;16_03;41;;;;;;;
Andrés;;26_11_20;16_04;13;A;;;;;;
Andrés;;26_11_20;16_06;14;A;;K70;1;;;
Andrés;;26_11_20;16_12;17;A;;;;;;
Andrés;;26_11_20;16_13;18;A;;;;;;
Andrés;;26_11_20;16_16;21;A;;;;;;
Andrés;;26_11_20;16_18;22;A;;;;;;
Andrés;;29_11_20;10_05;30;A;1;S49;1;1;1;
Andrés;;29_11_20;10_05;30;A;1;KX8;1;1;;Maybe K48
Andrés;;29_11_20;10_18;36;F;;un;1;;;
Andrés;;29_11_20;10_18;36;F;;un;1;;;
Andrés;;29_11_20;10_18;36;F;1;K87;;1;1;
Andrés;;29_11_20;10_18;36;B;;un;1;;;
Andrés;;29_11_20;10_18;36;C;1;un;;1;;
Andrés;;29_11_20;10_18;36;C;;K87;1;;;stealing
Andrés;;29_11_20;10_32;37;;;;;;;
Andrés;;29_11_20;10:37;35;;;;;;;
Andrés;;29_11_20;10_39;46;;;X;1;;;
Andrés;;29_11_20;10_39;46;;;un;1;;;
Andrés;;29_11_20;10_39;46;D;2;un;;1;;
Andrés;;29_11_20;10_39;46;I;;PX4;1;;;
Andrés;;29_11_20;10_47;45;;;un;;;;
Andrés;;29_11_20;10_47;45;;;un;;;;
Andrés;;29_11_20;10_47;45;A;1;X;1;1;1;
Andrés;;29_11_20;10_47;45;F;;LXX;1;;1;
Andrés;;29_11_20;10_55;44;;;X;;;;
Andrés;;29_11_20;10_55;44;;;un;;;;
Andrés;;29_11_20;10_55;44;;;un;;;;
Andrés;;29_11_20;10_55;44;;;un;;;;
Andrés;;29_11_20;10_55;44;;;un;;;;
Andrés;;29_11_20;10_55;44;;;X;;;;
Andrés;;29_11_20;11_07;54;A;1;un;;1;;
Andrés;;29_11_20;11_07;54;A;;un;1;;;
Andrés;;29_11_20;11_16;77;A;;;;;;
Andrés;;29_11_20;11_20;71;A;1;K49;;1;;
Andrés;;29_11_20;11_20;71;A;;un;1;;;
Andrés;;29_11_20;11_27;55;A;;un;1;;;
Andrés;;29_11_20;11_27;55;A;;un;1;;;
Andrés;;29_11_20;11_27;55;A;;un;1;;;
Andrés;;29_11_20;11_27;55;A;;S15;1;;;
Andrés;;29_11_20;11_27;55;A;;un;;;;
Andrés;;29_11_20;11_27;55;A;;un;;;;
Andrés;;29_11_20;11_33;56;A;;;;;;
Andrés;;29_11_20;11_34;77;B;;un;1;;;
Andrés;;29_11_20;11_34;77;B;;un;1;;;
Andrés;;29_11_20;11_34;77;B;;un;1;;;
Andrés;;29_11_20;11_34;77;B;1;un;;1;;
Andrés;;29_11_20;11_39;27;A;;S25;1;;1;
Andrés;;29_11_20;11_39;27;A;1;I00;;1;;
Andrés;;29_11_20;11_43;26;A;;un;1;;;
Andrés;;29_11_20;11_43;26;A;1;X;;1;;
Andrés;;29_11_20;11_48;25;B;1;K76;;1;;
Andrés;;29_11_20;11_48;25;B;2;un;;1;;
Andrés;;29_11_20;11_48;25;G;1;X;;1;;sleeping
Andrés;;29_11_20;11_57;23;A;;;;;;
Andrés;;29_11_20;12_12;33;A;;;;;;
Andrés;;29_11_20;12_21;34;A;1;un;;1;;
Andrés;;29_11_20;12_21;34;A;1;un;;1;;
Andrés;;29_11_20;12_29;38;A;;un;1;;;
Andrés;;29_11_20;12_29;38;A;;S10;1;;;
Andrés;;29_11_20;12_29;38;A;;S01;1;;;
Andrés;;29_11_20;12_29;38;A;;S31;1;;;
Andrés;;29_11_20;12_44;39;A;;S18;1;;;
Andrés;;29_11_20;12_48;31;A;1;H40;;1;;
Andrés;;29_11_20;12_55;80;A;;;;;;
Andrés;;29_11_20;12_57;79;A;;;;;;
Andrés;;29_11_20;12_58;78;A;;;;;;
Andrés;;29_11_20;13_05;83;A;;;;;;
Andrés;;01_12_20;11_54;83;A;1;un;;1;;
Andrés;;01_12_20;11_56;81;A;;;;;;
Andrés;;01_12_20;12_01;82;A;;;;;;
Andrés;;01_12_20;12_08;84;A;;T72;1;;1;
Andrés;;01_12_20;12_08;84;A;1;T74;;1;1;
Andrés;;01_12_20;12_12;80;A;;;;;;
Andrés;;01_12_20;12_13;79;A;;;;;;
Andrés;;01_12_20;12_14;78;A;;;;;;
Andrés;;01_12_20;12_20;41;;;R20;;;;on the tree
Andrés;;01_12_20;12_22;13;A;;S05;1;;1;
Andrés;;01_12_20;12_22;13;A;1;R20;1;;1;
Andrés;;01_12_20;12_22;13;A;3;N23;;1;;
Andrés;;01_12_20;12_22;13;A;3;D86;;1;;
Andrés;;01_12_20;12_30;14;A;2;L35;;1;1;
Andrés;;01_12_20;12_30;14;A;;E01;1;;;
Andrés;;01_12_20;12_35;17;A;;;;;;
Andrés;;01_12_20;12_37;19;A;1;un;1;;1;
Andrés;;01_12_20;12_37;19;A;1;T81;;1;1;
Andrés;;01_12_20;12_42;21;A;;un;1;;;
Andrés;;01_12_20;12_42;21;A;;X;1;;1;
Andrés;;01_12_20;12_46;22;A;3;un;;1;1;
Andrés;;01_12_20;12_50;1;A;;;;;;
Andrés;;01_12_20;12_53;2;A;;un;1;;1;
Andrés;;01_12_20;12_53;2;A;;un;1;;;
Andrés;;01_12_20;12_53;2;A;;un;1;;;
Andrés;;01_12_20;12_57;3;A;3;un;1;1;1;
Andrés;;01_12_20;12_57;3;A;1;un;;1;1;
Andrés;;01_12_20;13_04;5;A;1;un;;1;;
Andrés;;01_12_20;13_04;5;A;7;T63;1;;1;
Andrés;;01_12_20;13_11;7;A;;J13;1;;;
Andrés;;01_12_20;13_15;8;A;;un;1;;;
Andrés;;01_12_20;13_15;8;A;4;un;;1;1;
Andrés;;01_12_20;13_18;9;A;3;T71;1;1;1;
Andrés;;01_12_20;13_18;9;A;;X;1;;1;
Andrés;;01_12_20;13_23;10;A;1;un;;1;;
Andrés;;01_12_20;13_23;10;A;3;K41;1;;;
Andrés;;01_12_20;13_28;11;A;;;;;;
Andrés;;01_12_20;13_29;12;A;;;;;;
Andrés;;01_12_20;13_45;81;A;;P12;1;;;
Andrés;;01_12_20;13_45;81;A;;J56;1;;1;
Andrés;;01_12_20;13_50;40;A;;;;;;
Andrés;;01_12_20;13_52;36;B;;un;1;;;
Andrés;;01_12_20;13_55;37;;;T44;;;;on the tree
Andrés;;01_12_20;13_55;37;A;2;un;;1;1;
Andrés;;01_12_20;13_58;35;B;1;T44;1;;1;
Andrés;;01_12_20;13_58;35;B;;un;1;;1;
Andrés;;01_12_20;14_03;46;D;2;L23;1;1;1;
Andrés;;01_12_20;14_03;46;D;2;un;1;;1;
Andrés;;01_12_20;14_03;46;D;1;L23;;1;1;
Andrés;;01_12_20;14_03;46;E;;un;1;;;
Andrés;;01_12_20;14_03;46;E;;X;1;;1;
Andrés;;01_12_20;14_14;34;A;;un;1;;1;
Andrés;;01_12_20;14_23;33;;;;;;;
Andrés;;01_12_20;14_25;32;D;1;T80;;1;1;
Andrés;;01_12_20;14_25;32;D;;EX7;1;;;
Andrés;;01_12_20;14_25;32;D;;E88;1;;;
Andrés;;01_12_20;14_25;32;D;;P51;1;;;
Andrés;;01_12_20;14_35;38;A;;un;1;;;
Andrés;;01_12_20;14_35;38;A;;un;1;;;
Andrés;;01_12_20;14_39;39;A;;;;;;
Andrés;;01_12_20;14_40;31;A;1;collar;;1;;
Andrés;;01_12_20;14_41;30;A;;S49;1;;1;
Andrés;;01_12_20;14_41;30;A;1;KXX;;1;1;
Andrés;;01_12_20;15_01;23;A;;;;;;
Andrés;;01_12_20;15_04;24;B;;I87;1;;;
Andrés;;01_12_20;15_04;24;B;;un;1;;;
Andrés;;01_12_20;15_04;24;;;H51;;;;
Andrés;;01_12_20;15_04;24;;;un;;;;
Andrés;;01_12_20;15_04;24;E;;S57;1;;;
Andrés;;01_12_20;15_04;24;E;1;S17;;1;1;
Andrés;;01_12_20;15_18;25;G;;X;1;;1;
Andrés;;01_12_20;15_18;25;G;1;X;;1;1;
Andrés;;01_12_20;15_18;25;B;1;K76;1;;;
Andrés;;01_12_20;15_37;26;;;;;;;
Andrés;;01_12_20;15_42;27;;;;;;;
Andrés;;02_12_20;13_15;23;A;;;;;;
Andrés;;02_12_20;13_18;24;F;;un;1;;;
Andrés;;02_12_20;13_18;24;F;1;un;;1;;
Andrés;;02_12_20;13_18;24;B;;un;1;;;
Andrés;;02_12_20;13_18;24;C;1;H51;;1;;
Andrés;;02_12_20;13_18;24;C;1;un;;1;;
Andrés;;02_12_20;13_18;24;B;1;S40;;1;;
Andrés;;02_12_20;13_18;24;B;1;X;;1;;
Andrés;;02_12_20;13_18;24;E;1;P69;;1;1;
Andrés;;02_12_20;13_18;24;E;1;un;1;;;
Andrés;;02_12_20;13_18;24;G;1;S4X;;1;;maybe S46
Andrés;;02_12_20;13_18;24;G;1;un;;1;;
Andrés;;02_12_20;13_33;25;G;;K76;1;;;
Andrés;;02_12_20;13_33;25;B;2;T94;;1;1;
Andrés;;02_12_20;13_33;25;B;1;un;;1;1;
Andrés;;02_12_20;13_33;25;G;1;X;;1;1;
Andrés;;02_12_20;13_52;26;;;;;;;
Andrés;;02_12_20;13_54;27;A;1;S25;1;1;1;
Andrés;;02_12_20;14_09;34;A;2;un;;1;;
Andrés;;02_12_20;14_14;33;A;;HXX;1;;1;
Andrés;;02_12_20;14_14;33;;;I80;;;;
Andrés;;02_12_20;14_14;33;D;3;PX1;;1;1;
Andrés;;02_12_20;14_22;38;A;;S19;1;;;
Andrés;;02_12_20;14_26;39;A;;;;;;
Andrés;;02_12_20;14_28;31;A;1;H40;;1;1;
Andrés;;02_12_20;14_36;30;A;1;X;1;;;
Andrés;;02_12_20;14_36;30;A;1;unknown;;1;;
Andrés;;02_12_20;14_47;36;;;;;;;
Andrés;;02_12_20;14_52;37;;;;;;;
Andrés;;02_12_20;14_54;35;;;;;;;
Andrés;;02_12_20;14_57;40;;;;;;;
Andrés;;02_12_20;15_00;81;A;;;;;;
Andrés;;02_12_20;15_04;82;A;;;;;;
Andrés;;02_12_20;15_09;84;A;;;;;;
Andrés;;02_12_20;15_11;83;A;;un;1;;;
Andrés;;02_12_20;15_15;80;A;;;;;;
Andrés;;02_12_20;15_16;79;A;;;;;;
Andrés;;02_12_20;15_18;78;A;;;;;;
Andrés;;02_12_20;15_21;43;A;;S34;1;;;
Andrés;;02_12_20;15_24;13;A;;;;;;
Andrés;;02_12_20;15_27;14;A;;;;;;
Andrés;;02_12_20;15_38;17;A;;;;;;
Andrés;;02_12_20;15_41;18;A;;;;;;
Andrés;;02_12_20;15_42;19;A;;;;;;
Andrés;;02_12_20;15_45;21;A;;;;;;
Andrés;;02_12_20;15_47;22;A;;;;;;
Andrés;;02_12_20;15_49;1;A;;;;;;
Andrés;;02_12_20;15_51;2;A;;un;1;;;
Andrés;;02_12_20;15_51;2;A;;un;1;;;
Andrés;;02_12_20;15_51;2;A;3;J89;;1;1;
Andrés;;02_12_20;15_51;2;A;;N09;1;;;
Andrés;;02_12_20;15_51;2;A;4;collar;1;;;
Andrés;;02_12_20;15_59;3;A;3;un;1;;1;
Andrés;;02_12_20;16_02;4;A;2;E36;;1;1;
Andrés;;02_12_20;16_02;4;A;2;un;1;;1;
Andrés;;02_12_20;16_06;5;A;6;X6X;;1;;
Andrés;;02_12_20;16_06;5;A;5;un;;1;;
Andrés;;02_12_20;16_10;7;A;;;;;;
Andrés;;02_12_20;16_11;8;A;4;un;;1;1;
Andrés;;02_12_20;16_11;8;A;4;un;1;;;
Andrés;;02_12_20;16_13;9;A;;un;1;;;
Andrés;;02_12_20;16_14;10;A;;;;;;
Andrés;;02_12_20;16_19;11;A;1;S56;;1;;
Andrés;;02_12_20;16_25;12;A;;;;;;
Andrés;;03_12_20;10_49;1;A;;;;;;
Andrés;;03_12_20;10_54;2;A;;un;1;;;
Andrés;;03_12_20;10_54;2;A;;un;1;;;
Andrés;;03_12_20;10_54;2;A;8;N09;1;;;
Andrés;;03_12_20;10_54;2;A;3;un;;1;;
Andrés;;03_12_20;10_54;2;A;3;J89;;1;;
Andrés;;03_12_20;11_02;3;A;;;;;;
Andrés;;03_12_20;11_04;5;A;1;un;;1;;
Andrés;;03_12_20;11_04;5;A;2;un;;1;;
Andrés;;03_12_20;11_09;7;A;;J13;1;;1;
Andrés;;03_12_20;11_09;7;A;1;J46;;1;1;
Andrés;;03_12_20;11_14;8;A;;un;1;;1;
Andrés;;03_12_20;11_14;8;A;4;un;;1;1;
Andrés;;03_12_20;11_17;9;A;3;R18;1;;1;
Andrés;;03_12_20;11_17;9;A;;T71;1;;1;
Andrés;;03_12_20;11_23;10;A;3;K41;1;;1;
Andrés;;03_12_20;11_23;10;A;1;un;1;;;
Andrés;;03_12_20;11_28;11;A;;I49;1;;1;
Andrés;;03_12_20;11_28;11;A;;un;1;;;
Andrés;;03_12_20;11_34;12;A;;un;1;;1;
Andrés;;03_12_20;11_34;12;A;1;un;;1;1;
Andrés;;03_12_20;11_34;12;A;1;T24;;1;;
Andrés;;03_12_20;11_42;41;A;1;S34;;1;1;
Andrés;;03_12_20;11_42;41;A;;R20;;;;stealing
Andrés;;03_12_20;11_42;41;A;;R83;1;;;
Andrés;;03_12_20;11_52;13;A;1;R20;;1;1;
Andrés;;03_12_20;11_56;14;A;2;M38;;1;;
Andrés;;03_12_20;11_56;14;A;2;L35;;1;;
Andrés;;03_12_20;12_01;17;A;;;;;;
Andrés;;03_12_20;12_03;18;A;1;T81;1;1;1;
Andrés;;03_12_20;12_06;19;A;;;;;;
Andrés;;03_12_20;12_08;21;A;;T49;;;;
Andrés;;03_12_20;12_08;21;A;;un;;;;
Andrés;;03_12_20;12_08;21;A;;un;;;;
Andrés;;03_12_20;12_08;21;A;1;J14;1;1;1;
Andrés;;03_12_20;12_16;22;A;;un;1;;;
Andrés;;03_12_20;12_16;22;A;;un;1;;;
Andrés;;03_12_20;12_41;54;A;;un;1;;;
Andrés;;03_12_20;12_43;55;A;;S35;1;;;
Andrés;;03_12_20;12_43;55;A;7;un;;1;;
Andrés;;03_12_20;12_46;71;A;;;;;;
Andrés;;03_12_20;12_46;56;A;;;;;;
Andrés;;03_12_20;12_48;77;;;;;;;
Andrés;;03_12_20;12_50;27;;;;;;;
Andrés;;03_12_20;12_51;26;;;;;;;
Andrés;;03_12_20;12_54;25;B;;T94;1;;;
Andrés;;03_12_20;12_54;25;B;;un;1;;;
Andrés;;03_12_20;12_54;25;B;;un;1;;;
Andrés;;03_12_20;12_54;25;B;2;K76;;1;1;
Andrés;;03_12_20;12_54;25;G;;un;1;;1;
Andrés;;03_12_20;13_01;24;G;1;G74;;1;;
Andrés;;03_12_20;13_01;24;E;;T96;1;;;
Andrés;;03_12_20;13_01;24;E;;S17;;;;
Andrés;;03_12_20;13_01;24;E;;S57;1;;;
Andrés;;03_12_20;13_01;24;E;;P69;1;;1;
Andrés;;03_12_20;13_01;24;D;1;S45;;1;1;
Andrés;;03_12_20;13_01;24;D;1;S46;;1;1;
Andrés;;03_12_20;13_17;23;;;;;;;
Andrés;;03_12_20;13_22;31;;;;;;;
Andrés;;03_12_20;13_23;38;A;1;un;;1;1;
Andrés;;03_12_20;13_25;39;A;;;;;;
Andrés;;03_12_20;13_37;36;;;;;;;
Andrés;;03_12_20;13_40;37;C;;un;1;;;
Andrés;;03_12_20;13_42;35;B;;un;;1;1;
Andrés;;03_12_20;13_48;34;;;;;;;
Andrés;;03_12_20;13_51;33;;;;;;;
Andrés;;03_12_20;13_54;32;D;1;PX1;1;;;maybe P51
Andrés;;03_12_20;14_15;30;A;;K43;1;;1;
Andrés;;03_12_20;14_15;30;A;;S4X;1;;1;S48 or S49
Andrés;;03_12_20;14_27;40;;;;;;;
Andrés;;03_12_20;14_31;81;A;;;;;;
Andrés;;03_12_20;14_37;82;A;;;;;;
Andrés;;03_12_20;14_43;84;A;;;;;;
Andrés;;03_12_20;14_44;83;A;;;;;;
Andrés;;03_12_20;14_47;80;A;1;un;;1;;
Andrés;;03_12_20;14_51;79;A;;;;;;
Andrés;;03_12_20;14_52;78;A;;;;;;
Andrés;;03_12_20;14_56;12;A;;D86;1;;;
Andrés;;03_12_20;15_00;11;A;;;;;;
Andrés;;03_12_20;15_03;10;A;;K41;1;;1;
Andrés;;03_12_20;15_03;10;A;6;un;;1;;
Andrés;;03_12_20;15_08;9;A;;R18;1;;;
Andrés;;03_12_20;15_12;8;A;;un;1;;1;
Andrés;;03_12_20;15_12;8;A;;un;1;;1;
Andrés;;03_12_20;15_16;7;A;4;J13;1;;1;
Andrés;;03_12_20;15_16;7;A;1;J46;1;1;1;
Andrés;;03_12_20;15_24;5;A;;T90;1;;1;
Andrés;;03_12_20;15_28;4;A;;E8X;1;;;
Andrés;;03_12_20;15_28;4;A;;un;1;;;
Andrés;;03_12_20;15_33;3;A;;;;;;
Andrés;;03_12_20;15_36;2;A;;un;1;;;
Andrés;;03_12_20;15_39;1;A;;;;;;
Andrés;;03_12_20;15_41;22;A;;;;;;
Andrés;;03_12_20;15_43;21;A;;;;;;
Andrés;;03_12_20;15_45;18;A;;;;;;
Andrés;;03_12_20;15_45;19;A;;;;;;
Andrés;;03_12_20;15_49;17;A;;;;;;
Andrés;;03_12_20;15_51;14;A;4;un;1;;1;
Andrés;;03_12_20;15_54;13;A;2;S07;;1;;
Andrés;;03_12_20;15_54;13;A;2;R20;;1;;
Andrés;;03_12_20;15_54;13;A;;D86;1;;;
Andrés;;03_12_20;15_54;13;A;;N23;1;;;
Andrés;;03_12_20;16_03;41;A;;R83;1;;;
Andrés;;03_12_20;16_03;41;A;;S34;1;;;
Andrés;;08_12_20;11_06;1;A;1;un;1;1;1;
Andrés;;08_12_20;11_06;1;A;1;un;1;1;1;
Andrés;;08_12_20;11_10;2;A;;un;1;;;
Andrés;;08_12_20;11_10;2;A;;J89;1;;;
Andrés;;08_12_20;11_10;2;A;6;MXX;;1;;
Andrés;;08_12_20;11_19;3;A;;;;;;
Andrés;;08_12_20;11_21;4;A;2;un;;1;;
Andrés;;08_12_20;11_21;4;A;2;un;;1;;
Andrés;;08_12_20;11_24;5;A;;T63;1;;1;
Andrés;;08_12_20;11_28;7;A;4;J46;1;1;1;
Andrés;;08_12_20;11_28;7;A;4;J13;1;1;1;
Andrés;;08_12_20;11_35;8;A;;;;;;
Andrés;;08_12_20;11_37;9;A;;;;;;
Andrés;;08_12_20;11_40;10;A;;;;;;
Andrés;;08_12_20;11_42;11;A;;;;;;
Andrés;;08_12_20;11_43;12;A;;;;;;
Andrés;;08_12_20;11_45;41;A;;;;;;
Andrés;;08_12_20;11_47;13;A;;S09;1;;;
Andrés;;08_12_20;11_51;14;A;2;M38;;1;;
Andrés;;08_12_20;11_51;14;A;2;L35;;1;;
Andrés;;08_12_20;11_51;14;A;1;un;1;1;;
Andrés;;08_12_20;12_02;17;A;;;;;;
Andrés;;08_12_20;12_04;18;A;;;;;;
Andrés;;08_12_20;12_04;19;A;;;;;;
Andrés;;08_12_20;12_07;21;A;;;;;;
Andrés;;08_12_20;12_08;22;A;3;un;;1;;
Andrés;;08_12_20;12_08;22;A;3;un;;1;;
Andrés;;08_12_20;12_08;22;A;3;un;;1;;
Andrés;;08_12_20;12_22;24;C;;un;1;;;
Andrés;;08_12_20;12_26;25;B;2;un;1;;1;
Andrés;;08_12_20;12_26;25;;;H83;;;;
Andrés;;08_12_20;12_47;26;;;;;;;
Andrés;;08_12_20;12_50;27;;;;;;;
Andrés;;08_12_20;13_12;35;B;1;un;;1;1;
Andrés;;08_12_20;13_12;35;B;;TX4;1;;1;T34 or T44
Andrés;;08_12_20;13_17;37;;;;;;;
Andrés;;08_12_20;13_19;36;;;;;;;
Andrés;;08_12_20;13_24;40;;;;;;;
Andrés;;08_12_20;13_28;30;;;;;;;
Andrés;;08_12_20;13_34;31;;;;;;;
Andrés;;08_12_20;13_35;38;;;;;;;
Andrés;;08_12_20;13_36;39;;;;;;;
Andrés;;08_12_20;13_39;32;D;;un;1;;;
Andrés;;08_12_20;13_39;32;A;2;PXX;;1;;
Andrés;;08_12_20;13_39;32;D;;P51;1;;;
Andrés;;08_12_20;13_39;32;;;T03;1;;;
Andrés;;08_12_20;13_39;32;;;I80;1;;;
Andrés;;08_12_20;13_50;33;;;;;;;
Andrés;;08_12_20;13_55;34;A;1;un;;1;1;
Andrés;;08_12_20;14_08;81;A;;;;;;
Andrés;;08_12_20;14_13;82;A;;;;;;
Andrés;;08_12_20;14_20;84;A;;;;;;
Andrés;;08_12_20;14_22;83;A;;;;;;
Andrés;;08_12_20;14_54;80;A;;;;;;
Andrés;;08_12_20;14_58;79;;;;;;;
Andrés;;08_12_20;15_01;78;;;;;;;
Andrés;;08_12_20;15_04;41;;;;;;;
Andrés;;08_12_20;15_06;13;;;;;;;
Andrés;;08_12_20;15_09;14;;;;;;;
Andrés;;08_12_20;15_11;17;;;T81;;;;on the nest tree
Andrés;;08_12_20;15_17;18;;;;;;;
Andrés;;08_12_20;15_17;19;;;;;;;
Andrés;;08_12_20;15_21;21;A;2;X;;1;1;
Andrés;;08_12_20;15_21;21;A;2;un;;1;1;
Andrés;;08_12_20;15_21;21;A;;un;1;;;
Andrés;;08_12_20;15_26;22;A;;;;;;
Andrés;;08_12_20;15_28;1;A;;;;;;
Andrés;;08_12_20;15_29;2;A;;;;;;
Andrés;;08_12_20;15_31;3;A;;;;;;
Andrés;;08_12_20;15_33;4;;;un;;;;on the nest tree
Andrés;;08_12_20;15_33;4;;;un;;;;on the nest tree
Andrés;;08_12_20;15_33;4;;;E36;;;;on the nest tree
Andrés;;08_12_20;15_33;4;;;un;;;;on the nest tree
Andrés;;08_12_20;15_39;5;A;;;;;;
Andrés;;08_12_20;15_44;7;A;;;;;;
Andrés;;08_12_20;15_46;8;A;;;;;;
Andrés;;08_12_20;15_47;9;A;;;;;;
Andrés;;08_12_20;15_49;10;A;;;;;;
Andrés;;08_12_20;15_54;11;A;;;;;;
Andrés;;08_12_20;15_55;12;A;;;;;;
Andrés;;09_12_20;11_03;52;;;;;;;
Andrés;;09_12_20;11_05;53;;;;;;;
Andrés;;09_12_20;11_06;76;;;;;;;
Andrés;;09_12_20;11_08;54;;;;;;;
Andrés;;09_12_20;11_11;77;A;;T45;1;;1;
Andrés;;09_12_20;11_11;77;A;;un;1;;1;
Andrés;;09_12_20;11_17;55;A;;un;1;;;
Andrés;;09_12_20;11_17;55;A;;un;1;;;
Andrés;;09_12_20;11_20;56;A;;;;;;
Andrés;;09_12_20;11_21;71;A;1;K49;;1;;
Andrés;;09_12_20;11_21;71;A;;un;1;;;
Andrés;;09_12_20;11_29;27;A;;;;;;
Andrés;;09_12_20;11_31;26;A;;;;;;
Andrés;;09_12_20;11_36;24;G;1;G74;;1;;
Andrés;;09_12_20;11_36;24;G;1;X;;1;;
Andrés;;09_12_20;11_43;25;;;;;;;
Andrés;;09_12_20;11_49;;;;;;;;
Andrés;;09_12_20;11_51;32;A;3;T03;;1;1;
Andrés;;09_12_20;11_51;32;A;3;I80;1;;1;
Andrés;;09_12_20;11_51;32;A;;X;1;;;
Andrés;;09_12_20;12_00;31;A;1;H4X;;1;;
Andrés;;09_12_20;12_00;31;A;1;unknown;;1;;
Andrés;;09_12_20;12_00;31;B;;J52;1;;1;
Andrés;;09_12_20;12_00;31;B;;un;1;;1;
Andrés;;09_12_20;12_08;38;A;1;un;;1;1;
Andrés;;09_12_20;12_08;38;A;1;un;;1;1;
Andrés;;09_12_20;12_12;39;;;;;;;
Andrés;;09_12_20;12_16;30;;;;;;;
Andrés;;09_12_20;12_20;84;A;;;;;;
Andrés;;09_12_20;12_21;83;A;;;;;;
Andrés;;09_12_20;12_35;81;A;2;P12;;1;;
Andrés;;09_12_20;12_42;82;A;;;;;;
Andrés;;09_12_20;12_50;36;;;;;;;
Andrés;;09_12_20;12_55;37;;;;;;;
Andrés;;09_12_20;12_57;35;;;;;;;
Andrés;;09_12_20;12_59;34;A;;un;1;;;
Andrés;;09_12_20;12_59;34;A;1;un;;1;;
Andrés;;09_12_20;13_06;80;A;;;;;;
Andrés;;09_12_20;13_08;79;A;;;;;;
Andrés;;09_12_20;13_09;78;A;;;;;;
Andrés;;09_12_20;13_13;41;A;;R83;1;;;
Andrés;;09_12_20;13_13;41;A;;S34;1;;;
Andrés;;09_12_20;13_18;13;A;;;;;;
Andrés;;09_12_20;13_20;14;A;;;;;;
Andrés;;09_12_20;13_23;17;A;;;;;;
Andrés;;09_12_20;13_27;18;A;2;un;1;1;1;
Andrés;;09_12_20;13_30;19;A;1;T81;;1;;
Andrés;;09_12_20;13_30;19;A;1;un;;1;;
Andrés;;09_12_20;13_36;21;A;;;;;;
Andrés;;09_12_20;13_38;22;A;;;;;;
Andrés;;09_12_20;13_40;1;A;;T78;1;;;
Andrés;;09_12_20;13_40;1;A;;X;1;;;
Andrés;;09_12_20;13_40;1;A;;un;1;;;
Andrés;;09_12_20;13_40;1;A;;un;1;;;
Andrés;;09_12_20;13_45;2;A;7;T30;1;1;1;
Andrés;;09_12_20;13_45;2;A;7;un;1;1;1;
Andrés;;09_12_20;13_45;2;A;7;un;1;1;1;
Andrés;;09_12_20;13_45;2;A;;un;;1;;same un as in previous line
Andrés;;09_12_20;13_54;3;A;;;;;;
Andrés;;09_12_20;13_56;4;A;;;;;;
Andrés;;09_12_20;13_56;5;A;6;T90;;1;1;
Andrés;;09_12_20;13_56;5;A;;T63;1;;;
Andrés;;09_12_20;14_03;7;A;2;J46;1;;1;
Andrés;;09_12_20;14_10;8;A;4;un;;1;;
Andrés;;09_12_20;14_10;8;A;2;un;1;;1;
Andrés;;09_12_20;14_14;9;A;3;un;1;;1;
Andrés;;09_12_20;14_19;10;A;;;;;;
Andrés;;09_12_20;14_22;11;A;;;;;;
Andrés;;09_12_20;14_23;12;A;;T24;1;;1;
Andrés;;09_12_20;14_23;12;A;;un;1;;;
Andrés;;09_12_20;14_35;24;B;;un;1;;;
Andrés;;09_12_20;14_35;24;B;;I87;1;;;
Andrés;;09_12_20;14_35;24;E;;S57;1;;;
Andrés;;09_12_20;14_35;24;G;1;X;;1;;
Andrés;;09_12_20;14_43;25;B;2;K76;;;;
Andrés;;09_12_20;14_51;26;A;;;;;;
Andrés;;09_12_20;14_54;27;A;;;;;;
Andrés;;09_12_20;15_07;33;A;;;;;;
Andrés;;09_12_20;15_11;32;A;;;;;;
Andrés;;09_12_20;15_15;38;A;;;;;;
Andrés;;09_12_20;15_19;31;;;;;;;
Andrés;;09_12_20;15_24;36;;;;;;;
Andrés;;09_12_20;15_26;40;;;;;;;
Andrés;;09_12_20;15_31;81;;;;;;;
Andrés;;09_12_20;15_33;84;A;;;;;;
Andrés;;09_12_20;15_34;83;;;;;;;
Andrés;;12_12_20;09_40;84;A;1;T72;;1;;
Andrés;;12_12_20;09_40;84;A;1;T74;;1;;
Andrés;;12_12_20;09_45;83;;;;;;;
Andrés;;12_12_20;09_48;81;A;;P12;1;;;
Andrés;;12_12_20;09_48;81;A;2;J56;1;1;1;
Andrés;;12_12_20;09_56;82;A;;;;;;
Andrés;;12_12_20;10_02;80;A;1;un;;1;;
Andrés;;12_12_20;10_07;79;A;;;;;;
Andrés;;12_12_20;10_08;78;A;;;;;;
Andrés;;12_12_20;10_12;30;A;1;S4X;;1;1;S48 or S49
Andrés;;12_12_20;10_19;36;A;;un;1;;;
Andrés;;12_12_20;10_19;36;B;1;un;;1;1;
Andrés;;12_12_20;10_19;36;;;un;;;;at tree
Andrés;;12_12_20;10_19;36;D;1;X;;1;;
Andrés;;12_12_20;10_19;36;D;1;X;;1;;
Andrés;;12_12_20;10_25;37;C;;E41;1;;;
Andrés;;12_12_20;10_25;37;C;;un;1;;;
Andrés;;12_12_20;10_25;37;A;;T44;1;;;
Andrés;;12_12_20;10_25;37;A;;un;1;;;
Andrés;;12_12_20;10_25;37;A;;J78;;;;
Andrés;;12_12_20;10_25;37;A;;D39;;;;
Andrés;;12_12_20;10_25;37;A;;E23;;;;
Andrés;;12_12_20;10_25;37;;;S38;;;;at tree
Andrés;;12_12_20;10_34;35;;;;;;;
Andrés;;12_12_20;10_38;34;A;1;un;;1;;
Andrés;;12_12_20;10_41;39;A;1;S01;1;1;1;
Andrés;;12_12_20;10_44;38;A;;un;1;;;
Andrés;;12_12_20;10_44;38;A;1;un;;1;;
Andrés;;12_12_20;10_48;31;;;;;;;
Andrés;;12_12_20;10_50;32;D;1;I80;;1;;
Andrés;;12_12_20;10_50;32;A;;I8X;1;;;
Andrés;;12_12_20;10_50;32;;;un;;;;at tree
Andrés;;12_12_20;10_50;32;D;;P51;;;;
Andrés;;12_12_20;10_50;32;C;1;H43;;1;;
Andrés;;12_12_20;10_50;32;C;;I05;1;;;
Andrés;;12_12_20;10_50;32;A;1;E45;;1;1;
Andrés;;12_12_20;11_04;33;;;;;;;
Andrés;;12_12_20;11_20;27;A;1;S2X;;1;1;
Andrés;;12_12_20;11_20;27;A;1;J24;;1;1;
Andrés;;12_12_20;11_20;27;A;1;un;1;1;1;
Andrés;;12_12_20;11_20;27;A;1;I00;;1;1;
Andrés;;12_12_20;11_32;26;;;;;;;
Andrés;;12_12_20;11_36;25;B;;un;1;;;
Andrés;;12_12_20;11_36;25;B;2;un;;1;;
Andrés;;12_12_20;11_36;25;G;1;X09;;1;1;X09 or L09
Andrés;;12_12_20;11_36;25;F;;K76;1;;;
Andrés;;12_12_20;11_36;25;F;;L08;1;;;
Andrés;;12_12_20;11_36;25;F;;J03;;;;
Andrés;;12_12_20;11_36;25;;;R86;;;;at tree
Andrés;;12_12_20;11_36;25;F;;S28;;;;
Andrés;;12_12_20;11_51;24;G;1;G74;;1;;
Andrés;;12_12_20;11_51;24;G;;S45;1;;1;
Andrés;;12_12_20;11_51;24;F;1;L22;1;1;;
Andrés;;12_12_20;11_51;24;D;1;H51;;1;;
Andrés;;12_12_20;11_51;24;B;;un;1;;1;
Andrés;;12_12_20;11_51;24;A;1;L14;;1;;
Andrés;;12_12_20;11_58;41;A;1;S34;;1;1;
Andrés;;12_12_20;12_04;13;A;2;R20;;1;1;
Andrés;;12_12_20;12_04;13;A;;T94;1;;;
Andrés;;12_12_20;12_09;14;A;4;un;;1;;
Andrés;;12_12_20;12_13;17;A;;;;;;
Andrés;;12_12_20;12_15;18;A;;;;;;
Andrés;;12_12_20;12_16;19;A;;;;;;
Andrés;;12_12_20;12_19;21;A;;;;;;
Andrés;;12_12_20;12_22;22;A;3;un;;1;;
Andrés;;12_12_20;12_22;22;A;3;un;;1;;
Andrés;;12_12_20;12_28;1;A;;un;1;;;
Andrés;;12_12_20;12_28;1;A;;E36;1;;;
Andrés;;12_12_20;12_32;2;A;5;un;;1;;
Andrés;;12_12_20;12_32;2;A;5;un;;1;;
Andrés;;12_12_20;12_32;2;A;5;collar;;1;;
Andrés;;12_12_20;12_38;3;A;;;;;;
Andrés;;12_12_20;12_40;4;A;;;;;;
Andrés;;12_12_20;12_41;5;A;;;;;;
Andrés;;12_12_20;12_44;7;A;6;J13;;1;1;
Andrés;;12_12_20;12_44;7;A;6;J46;;1;1;
Andrés;;12_12_20;12_50;8;A;;un;1;;1;
Andrés;;12_12_20;12_53;9;A;;;;;;
Andrés;;12_12_20;12_56;10;A;;;;;;
Andrés;;12_12_20;12_58;9;A;4;R18;;1;1;
Andrés;;12_12_20;12_58;9;A;4;T71;1;;1;
Andrés;;12_12_20;13_03;11;A;;;;;;
Andrés;;12_12_20;13_05;12;A;;un;1;;;
Andrés;;12_12_20;13_05;12;A;;T24;1;;;
Andrés;;12_12_20;13_05;12;A;;N23;;;;
Andrés;;12_12_20;13_30;78;A;;;;;;
Andrés;;12_12_20;13_32;79;A;;PX8;1;;;
Andrés;;12_12_20;13_36;80;A;;;;;;
Andrés;;12_12_20;13_41;83;A;;;;;;
Andrés;;12_12_20;13_42;84;A;1;T74;;1;;
Andrés;;12_12_20;13_42;84;A;1;T72;;1;;
Andrés;;12_12_20;13_48;81;A;1;J56;;1;1;
Andrés;;12_12_20;13_55;82;A;;;;;;
Andrés;;12_12_20;14_03;40;A;;;;;;
Andrés;;12_12_20;14_06;36;B;1;un;;1;;
Andrés;;12_12_20;14_06;36;B;;un;1;;;
Andrés;;12_12_20;14_13;37;A;;D39;1;;;
Andrés;;12_12_20;14_13;37;A;;X;1;;;
Andrés;;12_12_20;14_18;35;;;;;;;
Andrés;;12_12_20;14_22;34;A;1;un;;1;;
Andrés;;12_12_20;14_24;39;A;1;un;;1;;
Andrés;;12_12_20;14_25;38;A;;;;;;
Andrés;;12_12_20;14_28;31;B;1;un;;1;1;
Andrés;;12_12_20;14_31;30;A;1;S49;;1;1;
Andrés;;12_12_20;14_31;30;A;;K48;1;;;
Andrés;;12_12_20;14_39;32;D;1;I80;1;1;1;
Andrés;;12_12_20;14_39;32;D;;EX7;1;;;
Andrés;;12_12_20;14_39;32;D;;EX4;1;;maybe E84;
Andrés;;12_12_20;14_39;32;D;1;T0X;;1;;
Andrés;;12_12_20;14_39;32;C;1;I0X;1;;;
Andrés;;12_12_20;14_39;32;A;1;X;;1;1;
Andrés;;12_12_20;14_48;33;;;;;;;
Andrés;;12_12_20;14_55;27;A;1;un;;1;;
Andrés;;12_12_20;14_55;27;A;;S25;1;;1;
Andrés;;12_12_20;14_55;27;A;;un;1;;1;
Andrés;;12_12_20;15_02;26;;;;;;;
Andrés;;12_12_20;15_09;43;;;;;;;
Andrés;;12_12_20;15_13;24;F;1;L22;;1;;
Andrés;;12_12_20;15_13;24;E;;S57;1;;1;
Andrés;;12_12_20;15_13;24;E;;P69;1;;;
Andrés;;12_12_20;15_13;24;G;1;G74;;1;;
Andrés;;12_12_20;15_13;24;G;1;collar;;1;;
Andrés;;12_12_20;15_21;25;B;;T94;;;;
Andrés;;12_12_20;15_21;25;B;2;K76;;1;;
Andrés;;12_12_20;15_21;25;B;1;un;;1;;
Andrés;;12_12_20;15_21;25;H;;I94;1;;1;
Andrés;;12_12_20;15_21;25;F;;un;1;;;
Andrés;;12_12_20;15_21;25;A;;S09;1;;;
Andrés;;12_12_20;15_21;25;A;;S10;1;;;
Andrés;;12_12_20;15_34;41;A;;;;;;
Andrés;;12_12_20;15_36;13;A;;S07;1;;1;
Andrés;;12_12_20;15_39;14;A;;;;;;
Andrés;;12_12_20;15_41;17;A;;;;;;
Andrés;;12_12_20;15_42;18;A;1;un;;1;;
Andrés;;12_12_20;15_42;18;A;1;T81;;1;1;
Andrés;;12_12_20;15_47;19;A;;;;;;
Andrés;;12_12_20;15_51;21;A;;unknown;1;;;
Andrés;;12_12_20;15_53;22;A;;;;;;
Andrés;;15_12_20;11_31;1;A;;un;1;;;
Andrés;;15_12_20;11_31;1;A;1;un;;1;;
Andrés;;15_12_20;11_36;2;A;;un;1;;;
Andrés;;15_12_20;11_36;2;A;;un;1;;;
Andrés;;15_12_20;11_36;2;A;;un;1;;;
Andrés;;15_12_20;11_36;2;A;7;un;;1;;
Andrés;;15_12_20;11_43;3;A;;collar;1;;;
Andrés;;15_12_20;11_43;3;A;;un;1;;;
Andrés;;15_12_20;11_43;3;A;4;un;;1;;
Andrés;;15_12_20;11_48;5;A;;un;1;;;
Andrés;;15_12_20;11_48;5;A;;E36;1;;;
Andrés;;15_12_20;11_48;5;A;;T9X;1;;1;
Andrés;;15_12_20;11_55;7;A;1;J13;;1;;eating bread
Andrés;;15_12_20;12_00;8;A;;;;;;
Andrés;;15_12_20;12_02;9;A;;T71;1;;1;
Andrés;;15_12_20;12_02;9;A;4;R18;1;;1;
Andrés;;15_12_20;12_09;10;A;;;;;;
Andrés;;15_12_20;12_12;11;A;;;;;;
Andrés;;15_12_20;12_15;12;A;1;un;1;;1;
Andrés;;15_12_20;12_15;12;A;1;T24;;1;;
Andrés;;15_12_20;12_21;41;A;;;;;;
Andrés;;15_12_20;12_23;13;A;3;D86;;1;;
Andrés;;15_12_20;12_23;13;A;3;N23;;1;;
Andrés;;15_12_20;12_28;14;A;;M38;1;;1;
Andrés;;15_12_20;12_28;14;A;;L35;1;;1;
Andrés;;15_12_20;12_34;17;A;;;;;;
Andrés;;15_12_20;12_36;18;A;;J43;1;;;
Andrés;;15_12_20;12_36;18;A;;un;1;;;
Andrés;;15_12_20;12_39;19;A;1;T81;;1;;
Andrés;;15_12_20;12_39;19;A;1;un;;1;;
Andrés;;15_12_20;12_45;21;A;;T49;1;;;
Andrés;;15_12_20;12_45;21;A;2;i14;1;1;1;
Andrés;;15_12_20;12_45;21;A;;un;1;;;
Andrés;;15_12_20;12_45;21;A;;un;1;;;
Andrés;;15_12_20;12_52;22;A;;un;1;;1;
Andrés;;15_12_20;12_52;22;A;;un;1;;;
Andrés;;15_12_20;12_52;22;A;;un;1;;;
Andrés;;15_12_20;13_04;78;A;;;;;;
Andrés;;15_12_20;13_07;79;A;;KXX;;;;
Andrés;;15_12_20;13_13;80;A;;;;;;
Andrés;;15_12_20;13_19;81;A;2;J56;;1;;
Andrés;;15_12_20;13_26;82;A;;;;;;
Andrés;;15_12_20;13_33;83;A;;un;1;;1;
Andrés;;15_12_20;13_36;84;A;;;;;;
Andrés;;15_12_20;13_53;84;A;1;T72;;1;;
Andrés;;15_12_20;13_53;84;A;;unknown;1;;;
Andrés;;15_12_20;14_02;36;;;;;;;
Andrés;;15_12_20;14_08;37;B;;D39;1;;;
Andrés;;15_12_20;14_08;37;B;;E23;1;;;
Andrés;;15_12_20;14_08;37;A;;un;1;;;
Andrés;;15_12_20;14_08;37;B;1;un;;1;;
Andrés;;15_12_20;14_14;35;B;1;T44;;1;1;
Andrés;;15_12_20;14_21;34;A;1;un;;1;1;
Andrés;;15_12_20;14_36;32;A;;E4X;;;;
Andrés;;15_12_20;14_36;32;D;;PX1;;;;
Andrés;;15_12_20;14_42;39;A;1;un;;1;;
Andrés;;15_12_20;14_45;38;A;;;;;;
Andrés;;15_12_20;14_48;31;;;;;;;
Andrés;;15_12_20;14_54;30;;;;;;;
Andrés;;15_12_20;15_05;24;G;1;collar;;1;1;
Andrés;;15_12_20;15_05;24;B;;I87;1;;;
Andrés;;15_12_20;15_05;24;G;1;G74;;1;1;
Andrés;;15_12_20;15_05;24;C;;H51;;1;1;
Andrés;;15_12_20;15_05;24;C;;un;1;;1;
Andrés;;15_12_20;15_22;25;G;1;L09;;1;1;
Andrés;;15_12_20;15_22;25;F;;I94;1;;;
Andrés;;15_12_20;15_22;25;B;2;K76;;;;
Andrés;;15_12_20;15_31;26;;;;;;;
Andrés;;15_12_20;15_35;27;;;;;;;
Andrés;;15_12_20;15_43;41;A;;;;;;
Andrés;;15_12_20;15_45;13;A;;;;;;
Andrés;;15_12_20;15_47;14;A;;;;;;
Andrés;;15_12_20;15_48;17;A;;;;;;
Andrés;;15_12_20;15_49;18;A;;un;1;;;
Andrés;;15_12_20;15_51;19;A;;;;;;
Andrés;;15_12_20;15_54;21;A;;collar;1;;;
Andrés;;15_12_20;15_54;21;A;;unknown;1;;1;
Andrés;;15_12_20;15_59;22;A;;un;1;;;
Andrés;;15_12_20;15_59;22;A;;N0X;1;;;
Andrés;;15_12_20;15_59;22;A;;unknown;1;;;
Andrés;;17_12_20;09_33;83;A;;;;;;
Andrés;;17_12_20;09_36;84;A;;;;;;
Andrés;;17_12_20;09_38;81;A;;;;;;
Andrés;;17_12_20;09_44;82;A;;;;;;
Andrés;;17_12_20;09_55;40;;;;;;;
Andrés;;17_12_20;09_57;36;F;1;un;;1;;
Andrés;;17_12_20;09_57;36;F;1;K87;;1;;
Andrés;;17_12_20;10_04;37;;;;;;;
Andrés;;17_12_20;10_07;35;;;;;;;
Andrés;;17_12_20;10_12;34;A;;un;1;;;
Andrés;;17_12_20;10_12;34;A;;un;1;;;
Andrés;;17_12_20;10_16;33;;;;;;;
Andrés;;17_12_20;10_19;32;;;;;;;
Andrés;;17_12_20;10_23;39;;;;;;;
Andrés;;17_12_20;10_23;38;;;;;;;
Andrés;;17_12_20;10_26;31;;;;;;;
Andrés;;17_12_20;10_30;30;;;;;;;
Andrés;;17_12_20;10_38;80;;;;;;;
Andrés;;17_12_20;10_42;79;;;;;;;
Andrés;;17_12_20;10_44;78;;;;;;;
Andrés;;17_12_20;10_49;41;A;;S34;1;;;
Andrés;;17_12_20;10_49;41;A;;R83;1;;1;
Andrés;;17_12_20;10_54;13;A;;;;;;
Andrés;;17_12_20;10_57;14;A;;E01;1;;;
Andrés;;17_12_20;10_57;14;A;;un;1;;;
Andrés;;17_12_20;10_57;14;A;;M38;1;;;
Andrés;;17_12_20;10_57;14;A;;un;1;;;
Andrés;;17_12_20;11_03;17;A;;;;;;
Andrés;;17_12_20;11_05;18;A;;J43;1;;;
Andrés;;17_12_20;11_05;18;A;;unknown;1;;;
Andrés;;17_12_20;11_08;19;A;;;;;;
Andrés;;17_12_20;11_11;21;A;;;;;;
Andrés;;17_12_20;11_14;22;A;3;un;;1;1;
Andrés;;17_12_20;11_29;1;A;;;;;;
Andrés;;17_12_20;11_32;2;A;;un;1;;;
Andrés;;17_12_20;11_32;2;A;5;un;;1;;
Andrés;;17_12_20;11_32;2;A;5;un;;1;;
Andrés;;17_12_20;11_37;3;A;;un;1;;1;
Andrés;;17_12_20;11_39;4;A;;;;;;
Andrés;;17_12_20;11_42;5;A;;un;1;;1;
Andrés;;17_12_20;11_42;5;A;;T90;1;;;
Andrés;;17_12_20;11_42;5;A;;T63;1;;;
Andrés;;17_12_20;11_48;7;A;;;;;;
Andrés;;17_12_20;11_50;8;A;;;;;;
Andrés;;17_12_20;11_53;9;A;;;;;;
Andrés;;17_12_20;11_56;10;A;;K41;1;;;
Andrés;;17_12_20;11_56;10;A;;un;1;;;
Andrés;;17_12_20;12_01;11;A;;;;;;
Andrés;;17_12_20;12_04;12;A;;;;;;
Andrés;;17_12_20;12_10;24;C;1;H51;;1;;
Andrés;;17_12_20;12_10;24;C;1;un;;1;;
Andrés;;17_12_20;12_10;24;G;1;X;;1;;
Andrés;;17_12_20;12_16;25;F;;un;1;;;
Andrés;;17_12_20;12_16;25;;;X;1;;;on tree
Andrés;;17_12_20;12_24;26;;;;;;;
Andrés;;17_12_20;12_28;27;A;;X;1;;1;
Andrés;;17_12_20;12_39;54;A;1;un;;1;;
Andrés;;17_12_20;12_41;76;A;;;;;;
Andrés;;17_12_20;12_44;53;A;;;;;;
Andrés;;17_12_20;12_46;52;A;;;;;;
Andrés;;17_12_20;12_51;55;A;3;S15;;1;1;
Andrés;;17_12_20;12_51;55;A;;un;1;;;
Andrés;;17_12_20;12_51;55;A;;un;1;;;
Andrés;;17_12_20;12_51;55;A;;S35;1;;1;
Andrés;;17_12_20;12_51;55;A;;un;1;;;
Andrés;;17_12_20;12_51;55;A;;un;1;;;
Andrés;;17_12_20;12_51;55;A;;un;1;;;
Andrés;;17_12_20;12_57;71;A;;;;;;
Andrés;;17_12_20;12_59;77;B;;un;1;;;
Andrés;;17_12_20;12_59;77;B;;un;1;;1;
Andrés;;17_12_20;13_07;34;A;;un;1;;;
Andrés;;17_12_20;13_12;35;;;;;;;
Andrés;;17_12_20;13_18;37;;;;;;;
Andrés;;17_12_20;13_22;36;D;1;S28;1;1;;
Andrés;;17_12_20;13_31;81;A;;;;;;
Andrés;;17_12_20;13_36;82;A;;;;;;
Andrés;;17_12_20;13_42;84;A;;;;;;
Andrés;;17_12_20;13_43;83;A;1;un;;1;1;
Andrés;;17_12_20;13_43;83;A;1;un;;1;1;
Andrés;;17_12_20;14_02;80;A;;;;;;
Andrés;;17_12_20;14_04;79;A;;;;;;
Andrés;;17_12_20;14_05;78;A;;;;;;
Andrés;;17_12_20;14_09;12;A;2;un;1;;1;
Andrés;;17_12_20;14_12;11;A;;;;;;
Andrés;;17_12_20;14_16;10;A;;;;;;
Andrés;;17_12_20;14_18;9;A;;;;;;
Andrés;;17_12_20;14_21;8;A;;;;;;
Andrés;;17_12_20;14_24;7;A;6;J13;;1;1;
Andrés;;17_12_20;14_31;5;A;;un;1;;1;
Andrés;;17_12_20;14_31;5;A;;un;1;;1;
Andrés;;17_12_20;14_33;4;A;5;E36;1;1;1;
Andrés;;17_12_20;14_33;4;A;;un;1;;;
Andrés;;17_12_20;14_39;3;A;;un;1;;;
Andrés;;17_12_20;14_39;3;A;;un;1;;1;
Andrés;;17_12_20;14_43;2;A;;un;1;;;
Andrés;;17_12_20;14_43;2;A;6;un;1;;1;
Andrés;;17_12_20;14_47;1;A;;un;1;;1;
Andrés;;17_12_20;14_49;22;A;3;un;1;;1;
Andrés;;17_12_20;14_49;22;A;3;un;1;;1;
Andrés;;17_12_20;14_49;22;A;3;un;;1;1;
Andrés;;17_12_20;14_53;21;A;;un;1;;1;
Andrés;;17_12_20;14_58;19;A;;;;;;
Andrés;;17_12_20;14_59;18;A;;;;;;
Andrés;;17_12_20;15_06;17;A;;;;;;
Andrés;;17_12_20;15_09;14;A;;;;;;
Andrés;;17_12_20;15_11;13;A;3;D86;1;1;1;
Andrés;;17_12_20;15_16;41;A;;;;;;
Andrés;;17_12_20;15_22;24;E;1;S17;;1;1;
Andrés;;17_12_20;15_22;24;F;1;un;1;1;1;
Andrés;;17_12_20;15_22;24;B;;N74;1;;1;
Andrés;;17_12_20;15_22;24;B;;un;1;;;
Andrés;;17_12_20;15_28;25;G;;L15;1;;1;
Andrés;;17_12_20;15_28;25;G;1;LX9;1;1;1;L09 maybe
Andrés;;17_12_20;15_28;25;B;2;un;;1;;
Andrés;;17_12_20;15_36;26;;;;;;;
Andrés;;17_12_20;15_40;27;A;;;;;;
Andrés;;17_12_20;15_46;34;A;;un;1;;1;
Andrés;;17_12_20;15_46;34;A;;un;1;;1;
Andrés;;17_12_20;15_46;34;A;;P64;1;;1;
Andrés;;17_12_20;15_51;33;;;;;;;
Andrés;;17_12_20;15_59;32;;;;;;;
Andrés;;17_12_20;16_02;38;;;;;;;
Andrés;;17_12_20;16_03;39;;;;;;;
Andrés;;17_12_20;16_05;31;;;;;;;
Andrés;;17_12_20;16_09;30;;;;;;;
Andrés;;19_12_20;09_44;83;A;1;un;;1;;
Andrés;;19_12_20;09_44;83;A;1;un;;1;;
;;;09_46;84;A;;T74;1;;;
;;;09_46;84;A;;T72;1;;;
;;;09_48;81;A;;;;;;
;;;09_54;82;A;;;;;;
;;;10_03;40;;;;;;;
;;;10_05;36;A;;un;1;;;
;;;10_05;36;A;;un;1;;;
;;;10_05;36;B;;un;1;;1;
;;;10_05;36;F;;un;1;;;
;;;10_05;36;D;;S47;1;;1;
;;;10_05;36;D;;un;;1;;
;;;10_14;37;A;;E23;1;;;
;;;10_14;37;A;2;J78;1;;1;
;;;10_20;35;B;1;un;1;1;1;
;;;10_27;34;;;un;1;;1;Looks like they are building another nest
;;;10_27;34;;;un;1;;1;Looks like they are building another nest
;;;10_27;34;A;;un;1;;;
;;;10_27;34;A;;un;1;;;
;;;10_35;33;E;;E84;1;;;
;;;10_35;33;E;;E88;1;;1;
;;;10_35;33;E;;E87;1;;1;
;;;10_35;33;A;;P76;1;;;
;;;10_35;33;A;1;K52;;1;1;
;;;10_43;32;D;1;I80;;1;1;
;;;10_43;32;D;2;P51;;1;1;
;;;10_43;32;D;;un;1;;;
;;;10_43;32;;;T99;1;;;
;;;10_52;39;A;1;S31;;1;;
;;;10_52;39;A;1;un;;1;;
;;;10_57;38;A;;;;;;
;;;11_01;31;B;;un;1;;1;
;;;11_01;31;B;;unknown;1;;;
;;;11_09;30;A;;S49;1;;;
;;;11_09;30;A;;K48;1;;;
;;;11_19;24;D;;H51;1;;;
;;;11_19;24;C;1;un;;1;;
;;;11_19;24;B;;un;;;1;It looks more like destroying
;;;11_19;24;G;1;collar;;1;;
;;;11_26;25;G;1;L09;;1;1;
;;;11_26;25;;;K76;;;1;looks like building a new nest
;;;11_26;25;;;H83;1;;;
;;;11_26;25;;;collar;1;;;
;;;11_26;25;E;1;E93;;1;;
;;;11_26;25;E;1;G73;;1;;
;;;11_35;26;A;1;un;;1;1;
;;;11_35;26;A;;X;1;;;too far to ID
;;;11_42;27;;;;;;;
;;;11_54;54;A;1;un;;1;;
;;;11_54;54;A;1;T84;;1;1;
;;;11_58;76;;;;;;;
;;;12_02;55;A;;un;1;;1;
;;;12_02;55;A;;un;1;;1;
;;;12_02;55;A;;un;1;;;
;;;12_05;56;A;;;;;;
;;;12_06;71;A;;;;;;
;;;12_08;77;B;1;un;;1;;
;;;12_21;41;A;;;;;;
;;;12_23;13;A;1;R20;;1;1;
;;;12_23;13;A;;S07;1;;;
;;;12_23;13;A;;T96;1;;1;
;;;12_29;14;A;;L35;1;;;
;;;12_29;14;A;;M38;1;;;
;;;12_36;17;A;;;;;;
;;;12_39;18;A;;T81;1;;1;
;;;12_42;19;A;;un;1;;;
;;;12_42;19;A;;T81;1;;;
;;;12_46;21;A;;;;;;
;;;12_54;1;A;1;T93;1;1;1;
;;;12_54;1;A;2;X;;1;1;
;;;12_54;1;A;2;T78;;1;1;
;;;12_54;1;A;;un;1;;;
;;;12_54;1;A;;un;1;;;
;;;12_54;1;A;3;S33;;1;;
;;;12_54;1;A;;un;1;;1;
;;;13_04;2;A;8;un;1;;1;
;;;13_04;2;A;3;un;1;;1;
;;;13_04;2;A;1;un;1;;;
;;;13_04;2;A;1;un;1;;;
;;;13_04;2;A;1;collar;1;;;
;;;13_11;3;A;;;;;;
;;;13_14;4;A;;;;;;
;;;13_16;5;A;;un;1;;1;
;;;13_16;5;A;;un;1;;1;
;;;13_16;5;A;5;un;1;;1;
;;;13_16;5;A;;un;1;;;
;;;13_16;5;A;;T63;1;;;
;;;13_16;5;A;;T90;;;;
;;;13_23;7;A;;;;;;
;;;13_26;8;A;;un;1;;;
;;;13_26;8;A;2;un;;1;1;
;;;13_30;9;A;;;;;;
;;;13_35;10;A;3;K41;;1;1;
;;;13_37;11;A;;;;;;
;;;13_39;12;A;;N23;1;;;
;;;13_39;12;A;1;un;1;;1;
;;;13_45;78;A;;;;;;
;;;13_49;79;A;;;;;;
;;;13_52;80;A;;;;;;
;;;13_56;81;A;;;;;;
;;;14_01;82;A;;;;;;
;;;14_08;84;A;;T72;1;;;
;;;14_10;83;A;;;;;;
;;;14_16;36;D;;S28;1;;;
;;;14_16;36;D;;S47;1;;;
;;;14_16;36;B;1;un;;1;;
;;;14_16;36;F;;un;1;;;
;;;14_22;37;A;;D39;1;;;
;;;14_22;37;A;;X23;1;;I see F. Since F doesnt exist it can be E or P;
;;;14_27;35;B;1;un;;1;1;
;;;14_31;34;A;1;un;;1;;
;;;14_34;33;;;;;;;
;;;14_37;32;C;1;H43;;1;;
;;;14_37;32;C;;un;1;;1;
;;;14_37;32;A;1;I85;;1;;
;;;14_37;32;A;2;un;;1;;
;;;14_37;32;B;;un;1;;;
;;;14_37;32;D;1;I80;;1;1;
;;;14_45;39;A;;;;;;
;;;14_47;38;A;;un;1;;;
;;;14_47;38;A;;un;1;;;
;;;14_49;31;;;;;;;
;;;14_54;30;;;;;;;
;;;15_03;41;A;;;;;;
;;;15_05;13;A;1;X;;1;;
;;;15_09;14;A;2;K80;1;;1;
;;;15_09;14;A;1;un;;1;;
;;;15_15;17;A;;;;;;
;;;15_18;18;A;;;;;;
;;;15_19;19;A;;;;;;
;;;15_23;21;A;;;;;;
;;;15_28;22;;;;;;;